"1","6033461"
"1","7977393"
"1","6023902"
"1","6034333"
"1","100050296"
"1","6015670"
"1","6012894"
"1","6031416"
"1","10224721"
"1","10272590"
"1","6034321"
"1","6034332"
"1","6033769"
"1","100058067"
"1","100060815"
"1","6002389"
"1","6015123"
"1","6015161"
"1","100072297"
"1","6012128"
"1","100078348"
"1","100077329"
"1","100078118"
"1","6011741"
"1","6015348"
"1","6026493"
"1","6015155"
"1","100072299"
"1","6007151"
"1","100077328"
"1","100078123"
"1","6011852"
"1","6026468"
"1","6014719"
"1","6030640"
"1","6026484"
"1","6014686"
"1","6027622"
"1","6030618"
"1","6016550"
"1","6017342"
"1","6001346"
"1","6002023"
"1","6006444"
"1","6003848"
"1","6016511"
"1","6001333"
"1","6006491"
"1","6003857"
"1","6033666"
"1","6016326"
"1","6006682"
"1","7927835"
"1","6033321"
"1","6002500"
"1","7977394"
"1","6034350"
"1","100047581"
"1","100050304"
"1","6033762"
"1","6012898"
"1","100065905"
"1","6015152"
"1","100071566"
"1","100072298"
"1","6034322"
"1","6034330"
"1","6008836"
"1","100058731"
"1","6015514"
"1","100072304"
"1","6012129"
"1","100078350"
"1","100078139"
"1","6003926"
"1","6003923"
"1","6014754"
"1","6015685"
"1","6014144"
"1","6027957"
"1","6031117"
"1","6031109"
"1","6002495"
"1","6003321"
"1","6021786"
"1","6007144"
"1","100077330"
"1","100078137"
"1","6011948"
"1","6016017"
"1","6011570"
"1","6026496"
"1","6014726"
"1","100078135"
"1","6011979"
"1","6016043"
"1","6000995"
"1","6026483"
"1","6014717"
"1","6025622"
"1","6015683"
"1","6001125"
"1","6014982"
"1","6030843"
"1","6032889"
"1","6016661"
"1","6024478"
"1","6007225"
"1","6009204"
"1","6026030"
"1","6026049"
"1","6026054"
"1","6001870"
"1","6003853"
"1","6016808"
"1","8247419"
"1","6006662"
"1","8328558"
"1","6030602"
"1","6031077"
"1","6003972"
"1","6003511"
"1","6025940"
"1","6029217"
"1","6006203"
"1","6009168"
"1","6012678"
"1","6021755"
"1","6002568"
"1","6006590"
"1","6008855"
"1","6012741"
"1","6025608"
"1","6016557"
"1","6015711"
"1","6001130"
"1","6001658"
"1","8105060"
"1","6003872"
"1","6003933"
"1","6017215"
"1","6002490"
"1","6002276"
"1","6002319"
"1","6014559"
"1","6031919"
"1","6031910"
"1","6015423"
"1","6005107"
"1","6024487"
"1","6018584"
"1","6034590"
"1","6032212"
"1","6031857"
"1","6015439"
"1","6018488"
"1","6007062"
"1","6009203"
"1","6026182"
"1","6026201"
"1","6011885"
"1","6001142"
"1","6004200"
"1","6001847"
"1","6032041"
"1","6030992"
"1","6013587"
"1","6003616"
"1","6030061"
"1","6031212"
"1","6014135"
"1","6006664"
"1","6030597"
"1","6031076"
"1","6012535"
"1","6013310"
"1","6002017"
"1","6014925"
"1","6014558"
"1","6015455"
"1","6026265"
"1","6029218"
"1","6007894"
"1","6030820"
"1","6013026"
"1","6017285"
"1","6002425"
"1","6002551"
"1","6006553"
"1","6007051"
"1","6026034"
"1","6026200"
"1","6026150"
"1","6026263"
"1","6020297"
"1","6009179"
"1","6009365"
"1","6030584"
"1","6030010"
"1","6026072"
"1","6024621"
"1","6026720"
"1","6015694"
"1","6011758"
"1","6012263"
"1","6014156"
"1","6007907"
"1","6003468"
"1","6003382"
"1","6032644"
"1","6000838"
"1","6012639"
"1","6009352"
"1","6003746"
"1","6001159"
"1","6004198"
"1","6001844"
"1","6013415"
"1","6013607"
"1","6024492"
"1","6007684"
"1","6025626"
"1","6026029"
"1","6026209"
"1","6026110"
"1","6025882"
"1","6017926"
"1","6009170"
"1","6030380"
"1","6028919"
"1","6029301"
"1","6027587"
"1","6001494"
"1","6001410"
"1","6011050"
"1","6015651"
"1","6031511"
"1","6004477"
"1","6009227"
"1","6004009"
"1","6003618"
"1","6003750"
"1","6031029"
"1","6026385"
"1","6027026"
"1","6024595"
"1","6024629"
"1","6026710"
"1","6005664"
"1","6029310"
"1","6015430"
"1","6002417"
"1","6008866"
"1","6031824"
"1","8819588"
"1","6006792"
"1","6025657"
"1","6001161"
"1","6017715"
"1","6002565"
"1","6006550"
"1","6031987"
"1","6000851"
"1","6011891"
"1","6006884"
"1","6006750"
"1","6027048"
"1","6004345"
"1","6004032"
"1","6009332"
"1","6006952"
"1","6006849"
"1","6034376"
"1","6034391"
"1","6005888"
"1","6031696"
"1","6030910"
"1","6032128"
"1","6026635"
"1","6011763"
"1","6012339"
"1","6014152"
"1","6026903"
"1","6004958"
"1","6033315"
"1","6032713"
"1","6029129"
"1","6027574"
"1","6004187"
"1","6002358"
"1","6001846"
"1","6031006"
"1","6003984"
"1","6003727"
"1","6031087"
"1","6026407"
"1","6024596"
"1","6024623"
"1","6004184"
"1","6001842"
"1","6002480"
"1","6013602"
"1","6003614"
"1","6003781"
"1","6003739"
"1","6003861"
"1","6026416"
"1","6024506"
"1","6018703"
"1","6004839"
"1","6005440"
"1","6005682"
"1","6028269"
"1","6001953"
"1","6013265"
"1","6013370"
"1","6002918"
"1","6015807"
"1","6024644"
"1","6026815"
"1","6015692"
"1","6011806"
"1","6031757"
"1","6012242"
"1","6026899"
"1","6007897"
"1","6003395"
"1","6032645"
"1","6016952"
"1","6016711"
"1","6012249"
"1","6031876"
"1","6026340"
"1","6031169"
"1","6012937"
"1","6026862"
"1","6004112"
"1","6031940"
"1","6001531"
"1","6016675"
"1","6015653"
"1","6022859"
"1","6012954"
"1","6012961"
"1","6008099"
"1","6006984"
"1","6009297"
"1","6029663"
"1","6027581"
"1","6005279"
"1","6001603"
"1","6001431"
"1","6001434"
"1","6016704"
"1","6016853"
"1","6022862"
"1","6004473"
"1","6012967"
"1","6028937"
"1","6031812"
"1","6014176"
"1","6005880"
"1","6003222"
"1","6001121"
"1","6006485"
"1","6007200"
"1","6034377"
"1","6034390"
"1","6005361"
"1","6032724"
"1","6031859"
"1","6032253"
"1","6020362"
"1","6017418"
"1","6005450"
"1","6024637"
"1","6026704"
"1","6025280"
"1","6019137"
"1","6012341"
"1","6026914"
"1","6034672"
"1","6003386"
"1","6030208"
"1","6032420"
"1","6029303"
"1","6008098"
"1","6004049"
"1","6009210"
"1","6009291"
"1","6006858"
"1","6034380"
"1","6006151"
"1","6005283"
"1","6032124"
"1","6024446"
"1","6027444"
"1","6008184"
"1","6002363"
"1","6012108"
"1","6011091"
"1","6013623"
"1","6011087"
"1","6002513"
"1","6017394"
"1","6012563"
"1","6005036"
"1","6023970"
"1","6012850"
"1","6002882"
"1","6002898"
"1","6016964"
"1","6001215"
"1","6012325"
"1","6024508"
"1","6027826"
"1","6005276"
"1","6001382"
"1","6001420"
"1","6001413"
"1","6016695"
"1","6016854"
"1","6018039"
"1","6008092"
"1","6004038"
"1","6033374"
"1","6005416"
"1","6004834"
"1","6005433"
"1","6005869"
"1","6005573"
"1","6028176"
"1","6028294"
"1","6011997"
"1","6020837"
"1","6023153"
"1","6026683"
"1","6008011"
"1","6020317"
"1","6013296"
"1","6005896"
"1","8660805"
"1","6031941"
"1","8819581"
"1","6023268"
"1","6016403"
"1","6033030"
"1","6010118"
"1","6016632"
"1","6016422"
"1","6031209"
"1","6027801"
"1","6005724"
"1","6006528"
"1","6032299"
"1","6005538"
"1","6015792"
"1","6016908"
"1","6001227"
"1","6012299"
"1","6024507"
"1","6022192"
"1","6021830"
"1","6004904"
"1","6031913"
"1","6011385"
"1","6015922"
"1","6033266"
"1","6000507"
"1","6005181"
"1","6023758"
"1","6006431"
"1","6024444"
"1","6027463"
"1","6021543"
"1","6001923"
"1","6034044"
"1","6008843"
"1","6007044"
"1","6029528"
"1","6003207"
"1","6027739"
"1","6027743"
"1","6027725"
"1","6028935"
"1","6023273"
"1","6031798"
"1","6005568"
"1","6001248"
"1","6006419"
"1","6008190"
"1","6024432"
"1","6029557"
"1","6002682"
"1","6034381"
"1","6006150"
"1","6008181"
"1","6032761"
"1","6033294"
"1","6017421"
"1","6004851"
"1","6005904"
"1","6033080"
"1","6002502"
"1","6012049"
"1","6011220"
"1","6007584"
"1","6011059"
"1","6011547"
"1","6002586"
"1","6015761"
"1","6016356"
"1","6032081"
"1","6006346"
"1","6031574"
"1","6032892"
"1","6010855"
"1","6016287"
"1","6016279"
"1","6007983"
"1","6020118"
"1","6030721"
"1","6006620"
"1","6027453"
"1","6032230"
"1","6001853"
"1","6012092"
"1","6018256"
"1","6007255"
"1","6011083"
"1","6027782"
"1","6021158"
"1","6002869"
"1","6028173"
"1","6001977"
"1","6013186"
"1","6020906"
"1","6017694"
"1","6017571"
"1","6017692"
"1","6012248"
"1","6032997"
"1","6011660"
"1","6012230"
"1","6010111"
"1","6016642"
"1","6017085"
"1","6016041"
"1","6013551"
"1","6023277"
"1","6027769"
"1","6029980"
"1","6015924"
"1","6007742"
"1","6022837"
"1","6014638"
"1","6032742"
"1","6004242"
"1","6005362"
"1","6011276"
"1","6028530"
"1","6001833"
"1","6001822"
"1","6015772"
"1","6016542"
"1","6011638"
"1","6031938"
"1","6010122"
"1","6016634"
"1","6007243"
"1","6016230"
"1","6007026"
"1","6032302"
"1","6012256"
"1","6010866"
"1","6016380"
"1","6008823"
"1","6033145"
"1","6009306"
"1","6003209"
"1","6002864"
"1","6008809"
"1","6007694"
"1","6008042"
"1","6006313"
"1","6023323"
"1","6032962"
"1","6030884"
"1","6011225"
"1","6027821"
"1","6016882"
"1","6031217"
"1","6002192"
"1","6027802"
"1","6005218"
"1","6001284"
"1","6005537"
"1","6012255"
"1","6007248"
"1","6011233"
"1","6024503"
"1","6026993"
"1","6012934"
"1","6032057"
"1","6031942"
"1","6029997"
"1","6015916"
"1","6031991"
"1","6005243"
"1","6027777"
"1","6025317"
"1","6032089"
"1","6006363"
"1","6031663"
"1","6030050"
"1","6028261"
"1","6001936"
"1","6010861"
"1","6016283"
"1","6012593"
"1","6004004"
"1","6003429"
"1","6004971"
"1","6029928"
"1","6029925"
"1","6033167"
"1","6008771"
"1","6007481"
"1","6007539"
"1","6026428"
"1","6034059"
"1","6008844"
"1","6033072"
"1","6003355"
"1","6002840"
"1","6027744"
"1","6025306"
"1","6012497"
"1","6006182"
"1","6023493"
"1","6006266"
"1","6024434"
"1","6027420"
"1","6032167"
"1","6002483"
"1","6031599"
"1","6013464"
"1","6011056"
"1","6016267"
"1","6007950"
"1","6005076"
"1","6031465"
"1","6023086"
"1","6032346"
"1","6022481"
"1","6014640"
"1","6020484"
"1","6005315"
"1","6005369"
"1","6023192"
"1","6029106"
"1","6007695"
"1","6007941"
"1","6008722"
"1","6001930"
"1","6005187"
"1","6030724"
"1","6011355"
"1","6034419"
"1","6001099"
"1","6001544"
"1","6012758"
"1","6015074"
"1","6012280"
"1","6008386"
"1","6008611"
"1","6013961"
"1","6016593"
"1","6031670"
"1","6002300"
"1","6010856"
"1","6016190"
"1","6007977"
"1","6005018"
"1","6007505"
"1","6021410"
"1","6003493"
"1","6027828"
"1","6028056"
"1","6012582"
"1","6003939"
"1","6003443"
"1","6003428"
"1","6004965"
"1","6027703"
"1","6027394"
"1","6033148"
"1","6016612"
"1","6016029"
"1","6016142"
"1","6034260"
"1","6034268"
"1","6034309"
"1","6005098"
"1","6024458"
"1","6024675"
"1","6030660"
"1","6015914"
"1","6032528"
"1","6023680"
"1","6001517"
"1","6014633"
"1","6022167"
"1","6002950"
"1","6005375"
"1","6005304"
"1","6011426"
"1","6021353"
"1","6016321"
"1","6011659"
"1","6012231"
"1","6023160"
"1","6016631"
"1","6016881"
"1","6016112"
"1","6002146"
"1","6031703"
"1","6008597"
"1","6009259"
"1","6012040"
"1","6010938"
"1","6010914"
"1","9213223"
"1","6013747"
"1","6016475"
"1","6011435"
"1","6008838"
"1","6028948"
"1","6007067"
"1","6009185"
"1","6007928"
"1","6001518"
"1","6002120"
"1","6002003"
"1","6005188"
"1","6031629"
"1","6007777"
"1","6007405"
"1","6007538"
"1","6034397"
"1","6001062"
"1","6013287"
"1","6015013"
"1","6012725"
"1","6006671"
"1","6008384"
"1","6027808"
"1","6027794"
"1","6008574"
"1","6032306"
"1","6012258"
"1","6002318"
"1","6008871"
"1","6004319"
"1","6034040"
"1","6029879"
"1","6031099"
"1","6006617"
"1","6007984"
"1","6020153"
"1","6014870"
"1","6016910"
"1","6029291"
"1","6028811"
"1","6030347"
"1","6032363"
"1","6023148"
"1","6023155"
"1","6002921"
"1","6027671"
"1","6012589"
"1","6004983"
"1","6031653"
"1","6033163"
"1","6007467"
"1","6003258"
"1","6006255"
"1","6007432"
"1","6011005"
"1","6011349"
"1","6014028"
"1","6028474"
"1","6028500"
"1","6017591"
"1","6017361"
"1","6016568"
"1","6015580"
"1","6015665"
"1","6014792"
"1","6014868"
"1","6034297"
"1","6034306"
"1","6024467"
"1","6024561"
"1","6030439"
"1","6034396"
"1","6034429"
"1","6001380"
"1","6001400"
"1","6013286"
"1","6017271"
"1","6016710"
"1","6012976"
"1","6008125"
"1","6006742"
"1","6006605"
"1","6013885"
"1","6031302"
"1","6008664"
"1","6019212"
"1","6032820"
"1","6013358"
"1","6011245"
"1","6029032"
"1","6028038"
"1","6030508"
"1","6031826"
"1","6008706"
"1","6008577"
"1","6009235"
"1","6009246"
"1","6012073"
"1","6016449"
"1","6010933"
"1","6011331"
"1","9213218"
"1","6007177"
"1","6001874"
"1","6027741"
"1","6027791"
"1","6032973"
"1","6032110"
"1","6006178"
"1","6033035"
"1","6028263"
"1","6001560"
"1","6015569"
"1","6014864"
"1","6034263"
"1","6034282"
"1","6024464"
"1","6024664"
"1","6030664"
"1","6031828"
"1","6031286"
"1","6008165"
"1","6009245"
"1","6013908"
"1","6015297"
"1","6006132"
"1","6002063"
"1","6002649"
"1","6028044"
"1","6028203"
"1","6028640"
"1","6006096"
"1","9213219"
"1","9213224"
"1","6030415"
"1","6034684"
"1","6013750"
"1","9213257"
"1","6016788"
"1","6030765"
"1","6006609"
"1","6015435"
"1","6016281"
"1","6007979"
"1","6007504"
"1","6031985"
"1","6031793"
"1","6007741"
"1","6022477"
"1","6033893"
"1","6011335"
"1","6031043"
"1","9323030"
"1","6008916"
"1","6034664"
"1","9213243"
"1","9213260"
"1","6017516"
"1","6031119"
"1","6006564"
"1","6007511"
"1","6012270"
"1","6013636"
"1","6024572"
"1","6005141"
"1","6027701"
"1","6028103"
"1","6031444"
"1","6014770"
"1","6003915"
"1","6032365"
"1","6006760"
"1","6006733"
"1","6030604"
"1","6014828"
"1","6003423"
"1","6028822"
"1","6033254"
"1","6003263"
"1","6007420"
"1","6006761"
"1","6030645"
"1","6014824"
"1","6033138"
"1","6029245"
"1","6014429"
"1","6033322"
"1","6006514"
"1","6005955"
"1","6028220"
"1","6009420"
"1","6006526"
"1","6005068"
"1","6017115"
"1","6016777"
"1","6015551"
"1","6029439"
"1","6016758"
"1","6017914"
"1","6004046"
"1","6013718"
"1","6011491"
"1","6011353"
"1","6000888"
"1","6031886"
"1","6028524"
"1","6028466"
"1","6028449"
"1","6015911"
"1","6015951"
"1","6011363"
"1","6028219"
"1","6011261"
"1","6030948"
"1","6032702"
"1","6028503"
"1","6007649"
"1","6013870"
"1","6011265"
"1","6011466"
"1","6018079"
"1","6014662"
"1","6002876"
"1","6002894"
"1","6005367"
"1","6011427"
"1","6008841"
"1","6029143"
"1","6007937"
"1","6008465"
"1","6008423"
"1","6007313"
"1","6015781"
"1","6016493"
"1","6003219"
"1","6002976"
"1","6006876"
"1","6023773"
"1","6028115"
"1","6028024"
"1","6027988"
"1","6011459"
"1","6017142"
"1","6031334"
"1","6009157"
"1","6015131"
"1","6011727"
"1","6024551"
"1","6032782"
"1","6013356"
"1","6013351"
"1","6027605"
"1","6008958"
"1","6019239"
"1","6024524"
"1","6011252"
"1","6027601"
"1","6029580"
"1","6006348"
"1","6023704"
"1","6002055"
"1","6006317"
"1","6001905"
"1","6005193"
"1","6005199"
"1","6033287"
"1","6002872"
"1","6029034"
"1","6013040"
"1","6003953"
"1","6004968"
"1","6011324"
"1","6008750"
"1","6025199"
"1","6029077"
"1","6027962"
"1","6030943"
"1","6001995"
"1","6005169"
"1","6029574"
"1","6033180"
"1","6032237"
"1","6002070"
"1","6003561"
"1","6028048"
"1","6029984"
"1","6006070"
"1","6012268"
"1","6013812"
"1","6004901"
"1","6025989"
"1","6014590"
"1","6010954"
"1","6027633"
"1","6027499"
"1","6016187"
"1","6012797"
"1","6012518"
"1","6012645"
"1","6017040"
"1","6002045"
"1","6002113"
"1","6033304"
"1","6028207"
"1","6030106"
"1","6007081"
"1","6012188"
"1","6012104"
"1","6013807"
"1","6004889"
"1","6005653"
"1","6028109"
"1","6018526"
"1","6032053"
"1","6032364"
"1","6007767"
"1","6005066"
"1","6016768"
"1","6015954"
"1","6030161"
"1","6016595"
"1","6015382"
"1","6028239"
"1","6015222"
"1","6005113"
"1","6018223"
"1","6008585"
"1","6012671"
"1","6005464"
"1","6029977"
"1","6022580"
"1","6020670"
"1","6032751"
"1","9354497"
"1","6002940"
"1","6032382"
"1","6007764"
"1","6026731"
"1","6016772"
"1","6015567"
"1","6033158"
"1","6031630"
"1","6008772"
"1","6007461"
"1","6007542"
"1","6034405"
"1","6001117"
"1","6001575"
"1","6001454"
"1","6011681"
"1","6017662"
"1","6034526"
"1","6004056"
"1","6003454"
"1","6007825"
"1","6015856"
"1","6016504"
"1","6003132"
"1","6003048"
"1","6002979"
"1","6006768"
"1","6001785"
"1","6006374"
"1","6004165"
"1","9321625"
"1","6016345"
"1","6023463"
"1","6013824"
"1","6018873"
"1","6001172"
"1","6016051"
"1","6015881"
"1","6028011"
"1","6016754"
"1","6034487"
"1","6028303"
"1","6004047"
"1","6003460"
"1","6007831"
"1","6015798"
"1","6015634"
"1","6003198"
"1","6015008"
"1","6012718"
"1","6012624"
"1","6008074"
"1","6008357"
"1","6016570"
"1","6018162"
"1","6016143"
"1","6014800"
"1","6015442"
"1","6034277"
"1","6029643"
"1","6002822"
"1","6008756"
"1","6015190"
"1","6000989"
"1","6029089"
"1","6017541"
"1","6030909"
"1","6014312"
"1","6028960"
"1","6018453"
"1","6001758"
"1","6003105"
"1","6022119"
"1","6021140"
"1","6011369"
"1","9839447"
"1","6030838"
"1","6005233"
"1","6002735"
"1","6002966"
"1","6006660"
"1","6010055"
"1","6027934"
"1","6028026"
"1","6002830"
"1","6002960"
"1","6010899"
"1","6028618"
"1","6028879"
"1","6032239"
"1","6025928"
"1","6025975"
"1","6014585"
"1","6024273"
"1","6010947"
"1","6005026"
"1","6027553"
"1","6023115"
"1","6029850"
"1","6013934"
"1","6000754"
"1","6029374"
"1","6024057"
"1","6034079"
"1","6034104"
"1","6025862"
"1","6014906"
"1","6020785"
"1","6009379"
"1","6014462"
"1","6029086"
"1","6032032"
"1","6029675"
"1","6001861"
"1","6005207"
"1","6005693"
"1","6032719"
"1","6026453"
"1","6013195"
"1","6012917"
"1","6015360"
"1","6026640"
"1","6009898"
"1","6017172"
"1","6016698"
"1","6029050"
"1","6007887"
"1","6034311"
"1","6024465"
"1","6024565"
"1","6030441"
"1","6030651"
"1","6031710"
"1","6032710"
"1","6009408"
"1","6008167"
"1","6009244"
"1","6008529"
"1","6011818"
"1","6004076"
"1","6012984"
"1","6034470"
"1","6028039"
"1","6031738"
"1","6007888"
"1","6025605"
"1","6008477"
"1","6027868"
"1","6008172"
"1","6004240"
"1","6022941"
"1","6020443"
"1","6004173"
"1","6022893"
"1","6015345"
"1","6032720"
"1","6019419"
"1","6026006"
"1","6010963"
"1","6005119"
"1","6000514"
"1","6016292"
"1","6025352"
"1","6012220"
"1","6012621"
"1","6012157"
"1","6010928"
"1","7562005"
"1","9213229"
"1","9213248"
"1","6016254"
"1","6030786"
"1","6006600"
"1","6007942"
"1","6006779"
"1","6022208"
"1","6009219"
"1","6028150"
"1","6030142"
"1","6009445"
"1","6006145"
"1","6015621"
"1","6002593"
"1","6003013"
"1","6001970"
"1","6027526"
"1","6027533"
"1","6005726"
"1","6007276"
"1","6007814"
"1","6008297"
"1","6007306"
"1","6008302"
"1","6009946"
"1","6015802"
"1","6022028"
"1","6012923"
"1","6026234"
"1","6003688"
"1","6004323"
"1","6020915"
"1","6028957"
"1","6018120"
"1","6001721"
"1","6001669"
"1","6020941"
"1","6011073"
"1","6026642"
"1","6028266"
"1","6012794"
"1","6015988"
"1","6005057"
"1","6029503"
"1","6003074"
"1","6000274"
"1","6001499"
"1","6015587"
"1","6026241"
"1","6026129"
"1","6026270"
"1","6003363"
"1","6017635"
"1","6012139"
"1","6023833"
"1","6021066"
"1","6019942"
"1","6032417"
"1","9839450"
"1","6030824"
"1","6013640"
"1","6023169"
"1","6002708"
"1","6032553"
"1","6029419"
"1","6024006"
"1","6034075"
"1","6030612"
"1","6014885"
"1","6012915"
"1","6026891"
"1","6028739"
"1","6001594"
"1","6025805"
"1","6007423"
"1","6013760"
"1","6012059"
"1","6012170"
"1","6020357"
"1","6022937"
"1","6023746"
"1","6015313"
"1","6030836"
"1","6005899"
"1","6001191"
"1","6016047"
"1","6021806"
"1","6015502"
"1","6002172"
"1","6001767"
"1","6011917"
"1","6011903"
"1","6028836"
"1","6028783"
"1","6025576"
"1","6028867"
"1","6032466"
"1","6034102"
"1","6025901"
"1","6014849"
"1","6014843"
"1","6015328"
"1","6026960"
"1","6008459"
"1","6007168"
"1","6030327"
"1","6011006"
"1","6030932"
"1","6032729"
"1","6028508"
"1","6028456"
"1","6017596"
"1","6015925"
"1","6006572"
"1","6007964"
"1","6003731"
"1","6031329"
"1","6014328"
"1","6030274"
"1","6032612"
"1","6018687"
"1","6005708"
"1","6012872"
"1","6032428"
"1","6032083"
"1","6025234"
"1","6028123"
"1","6005262"
"1","6011704"
"1","6012734"
"1","6033106"
"1","6012007"
"1","6027894"
"1","6025368"
"1","6023080"
"1","6003347"
"1","6034469"
"1","6034474"
"1","6029570"
"1","6032821"
"1","6032283"
"1","6007905"
"1","6008484"
"1","6007853"
"1","6028602"
"1","9839459"
"1","6005890"
"1","6023173"
"1","6016617"
"1","6004494"
"1","6029058"
"1","6026619"
"1","6026937"
"1","6030952"
"1","6014899"
"1","6000478"
"1","6013735"
"1","6024541"
"1","6032839"
"1","6013362"
"1","6011463"
"1","6027607"
"1","6013901"
"1","6031305"
"1","6005807"
"1","6033023"
"1","9837609"
"1","6025278"
"1","6005394"
"1","6025413"
"1","9936091"
"1","6016690"
"1","6033141"
"1","6006458"
"1","6028146"
"1","6021864"
"1","6008819"
"1","6015605"
"1","6018414"
"1","6001983"
"1","6016226"
"1","6027529"
"1","6026316"
"1","6012853"
"1","6015334"
"1","6013779"
"1","6008510"
"1","6011799"
"1","6030546"
"1","6003348"
"1","6034437"
"1","6005485"
"1","6027664"
"1","6031724"
"1","6015572"
"1","6015322"
"1","6002099"
"1","6002661"
"1","6028079"
"1","6028204"
"1","6014242"
"1","6012281"
"1","6012142"
"1","6024574"
"1","6031614"
"1","6007987"
"1","6022064"
"1","6005847"
"1","6032488"
"1","6011203"
"1","6002350"
"1","9936123"
"1","6001733"
"1","6013081"
"1","6031973"
"1","6013468"
"1","6007813"
"1","6007384"
"1","6007374"
"1","6008625"
"1","6013444"
"1","6010988"
"1","6000908"
"1","6015823"
"1","6022097"
"1","6006520"
"1","6023464"
"1","6007799"
"1","6001365"
"1","6006402"
"1","6028289"
"1","6021990"
"1","6008956"
"1","6008884"
"1","6015626"
"1","6032186"
"1","6030746"
"1","9968501"
"1","9968512"
"1","6006222"
"1","6007113"
"1","6016870"
"1","6007881"
"1","6008025"
"1","6029196"
"1","6026046"
"1","6026043"
"1","6026077"
"1","6026244"
"1","6026172"
"1","6004064"
"1","6030698"
"1","6017714"
"1","6012420"
"1","6005805"
"1","6020111"
"1","6020669"
"1","6032750"
"1","6032061"
"1","6028319"
"1","6032322"
"1","6007017"
"1","6005070"
"1","6016761"
"1","6002997"
"1","6001864"
"1","6028372"
"1","6005544"
"1","6011040"
"1","6007869"
"1","6007371"
"1","6007362"
"1","6013435"
"1","6002781"
"1","6030019"
"1","6025567"
"1","6025491"
"1","6029330"
"1","6003794"
"1","6029962"
"1","6013615"
"1","6034168"
"1","6021176"
"1","6021801"
"1","6015523"
"1","6001798"
"1","6017272"
"1","6017481"
"1","6030754"
"1","6028772"
"1","6028561"
"1","6028528"
"1","6032504"
"1","6008214"
"1","6016757"
"1","6034480"
"1","6025370"
"1","6003458"
"1","6015778"
"1","6015615"
"1","6003187"
"1","6002733"
"1","6002748"
"1","6022114"
"1","6015847"
"1","6022002"
"1","6013278"
"1","6026076"
"1","6026134"
"1","6003362"
"1","6012154"
"1","6012978"
"1","6022072"
"1","6030859"
"1","6005570"
"1","6012635"
"1","6012839"
"1","6011027"
"1","6008488"
"1","6030479"
"1","6024598"
"1","6027257"
"1","6013090"
"1","6011511"
"1","6032602"
"1","6025181"
"1","6027459"
"1","6007575"
"1","6005257"
"1","6011710"
"1","6002251"
"1","6027895"
"1","6033300"
"1","6033216"
"1","6003749"
"1","6004808"
"1","6027937"
"1","6028035"
"1","6002815"
"1","6011291"
"1","6020232"
"1","6022758"
"1","6028708"
"1","6025203"
"1","6015233"
"1","6015026"
"1","6034253"
"1","6034239"
"1","6034250"
"1","6030034"
"1","6008329"
"1","6013023"
"1","6021805"
"1","6001768"
"1","6000149"
"1","6017483"
"1","6028845"
"1","6032640"
"1","6028556"
"1","6028888"
"1","6032470"
"1","6009106"
"1","9837597"
"1","6032933"
"1","6025265"
"1","9936087"
"1","6025459"
"1","9936099"
"1","6033140"
"1","6031550"
"1","6007173"
"1","6007991"
"1","6000706"
"1","6028672"
"1","6028590"
"1","6005799"
"1","6005458"
"1","6017805"
"1","6025985"
"1","6014609"
"1","6023054"
"1","6011066"
"1","6034131"
"1","6034119"
"1","6011157"
"1","6016120"
"1","6014394"
"1","6032592"
"1","6018245"
"1","6027776"
"1","6021940"
"1","6027409"
"1","6018621"
"1","6005268"
"1","6005329"
"1","6008621"
"1","6011702"
"1","6032103"
"1","6002272"
"1","6002219"
"1","6032844"
"1","6002197"
"1","6003115"
"1","6030490"
"1","6032121"
"1","6028806"
"1","6002130"
"1","6009152"
"1","6009316"
"1","6022150"
"1","6023731"
"1","6032491"
"1","6008259"
"1","9936128"
"1","6013413"
"1","6030975"
"1","6032179"
"1","6030745"
"1","9968498"
"1","6012711"
"1","6006207"
"1","9837584"
"1","6031303"
"1","9837594"
"1","6033345"
"1","6015976"
"1","6025277"
"1","6025422"
"1","6007195"
"1","6031638"
"1","6007104"
"1","6006945"
"1","6006846"
"1","6027198"
"1","6004361"
"1","6030201"
"1","6000667"
"1","7864330"
"1","100030451"
"1","100030466"
"1","6027558"
"1","6017117"
"1","6012707"
"1","6012517"
"1","6016341"
"1","6028383"
"1","6015978"
"1","6005060"
"1","6029492"
"1","6006224"
"1","6007126"
"1","6016868"
"1","6015676"
"1","6008850"
"1","6012458"
"1","6012473"
"1","6023012"
"1","6025356"
"1","100028574"
"1","100028562"
"1","100030208"
"1","100028030"
"1","100027716"
"1","100027851"
"1","100030371"
"1","100030034"
"1","6007092"
"1","9936113"
"1","9936118"
"1","9968479"
"1","6031282"
"1","6011159"
"1","6003542"
"1","6001685"
"1","6001815"
"1","6008140"
"1","6032172"
"1","6016174"
"1","6005466"
"1","6001816"
"1","6008162"
"1","6011403"
"1","6027107"
"1","6032189"
"1","6003163"
"1","6022879"
"1","6024282"
"1","6003753"
"1","6032666"
"1","6031449"
"1","6034160"
"1","6005746"
"1","6012521"
"1","6011034"
"1","6008049"
"1","100028394"
"1","100027731"
"1","100027704"
"1","100025806"
"1","100029070"
"1","100028887"
"1","100030075"
"1","100029313"
"1","6032950"
"1","6032951"
"1","6006268"
"1","6007198"
"1","6015667"
"1","6008015"
"1","6029592"
"1","6025563"
"1","6027043"
"1","6029396"
"1","6016534"
"1","6020932"
"1","6023836"
"1","6021975"
"1","6006721"
"1","6011510"
"1","6028145"
"1","6029459"
"1","6016429"
"1","6015236"
"1","100027545"
"1","100029562"
"1","100029135"
"1","100026715"
"1","100030435"
"1","100030457"
"1","100029669"
"1","100027148"
"1","100028509"
"1","100028064"
"1","100027032"
"1","100028468"
"1","100030237"
"1","100030135"
"1","100028463"
"1","100029382"
"1","100029407"
"1","6014960"
"1","6015038"
"1","6034230"
"1","6034209"
"1","6030133"
"1","6029011"
"1","6016166"
"1","6013019"
"1","6011094"
"1","6034125"
"1","6022068"
"1","6027915"
"1","6030815"
"1","6034176"
"1","6012359"
"1","6012514"
"1","6013077"
"1","6027856"
"1","6021960"
"1","6024600"
"1","100026566"
"1","100029738"
"1","100030074"
"1","100027041"
"1","100027425"
"1","100029925"
"1","100029725"
"1","6013832"
"1","6030833"
"1","6003689"
"1","6001199"
"1","6016056"
"1","6020902"
"1","6028954"
"1","6018243"
"1","6032610"
"1","6029384"
"1","6006694"
"1","6028592"
"1","6016098"
"1","6032588"
"1","6021417"
"1","6002231"
"1","6010657"
"1","6003486"
"1","6003322"
"1","6006745"
"1","6028199"
"1","6028077"
"1","6025248"
"1","6016426"
"1","6016416"
"1","6014975"
"1","6034227"
"1","6034206"
"1","100028791"
"1","100030168"
"1","100029178"
"1","100030033"
"1","100029960"
"1","100028959"
"1","100028060"
"1","2101451"
"1","2101812"
"1","6001676"
"1","6020942"
"1","6012370"
"1","6032433"
"1","9839454"
"1","9839472"
"1","6013919"
"1","6032575"
"1","6032795"
"1","6003124"
"1","6008198"
"1","6006436"
"1","6030489"
"1","6032138"
"1","6028804"
"1","6002162"
"1","6009411"
"1","6006943"
"1","6017727"
"1","6009470"
"1","2040637"
"1","2040552"
"1","2040661"
"1","2041191"
"1","2041342"
"1","2093797"
"1","2093700"
"1","2082530"
"1","2042331"
"1","2083403"
"1","6004344"
"1","6000668"
"1","7854561"
"1","100026675"
"1","100028513"
"1","100029269"
"1","100029970"
"1","6028384"
"1","6016147"
"1","6008346"
"1","6013029"
"1","6003257"
"1","6034137"
"1","6034148"
"1","6028586"
"1","6013709"
"1","2083040"
"1","2101022"
"1","2101788"
"1","2101384"
"1","2040983"
"1","2041102"
"1","2093414"
"1","2082578"
"1","2094168"
"1","2094341"
"1","2040426"
"1","100028584"
"1","100026461"
"1","100028794"
"1","100028083"
"1","100027433"
"1","100027369"
"1","100027448"
"1","100029757"
"1","6026933"
"1","6034080"
"1","6034076"
"1","6025900"
"1","6014910"
"1","6014917"
"1","6013777"
"1","6008692"
"1","6010774"
"1","6022960"
"1","6032585"
"1","6017958"
"1","6028349"
"1","6006895"
"1","6002235"
"1","6002198"
"1","6003295"
"1","6008203"
"1","6031249"
"1","100027857"
"1","100027645"
"1","100029820"
"1","100029193"
"1","100029013"
"1","100027902"
"1","100027920"
"1","2042339"
"1","2042364"
"1","2042340"
"1","2101735"
"1","2101842"
"1","2101486"
"1","2093526"
"1","2082257"
"1","2101849"
"1","2101881"
"1","2041861"
"1","6026605"
"1","6034466"
"1","6006798"
"1","6027665"
"1","6003600"
"1","6031519"
"1","6031484"
"1","6007844"
"1","6007852"
"1","6021883"
"1","100027676"
"1","100029750"
"1","100030086"
"1","100029322"
"1","100028588"
"1","100028925"
"1","100025561"
"1","100029434"
"1","2101616"
"1","2101163"
"1","2101342"
"1","2041145"
"1","2082404"
"1","2084326"
"1","2082677"
"1","2040286"
"1","2093985"
"1","6030560"
"1","6028800"
"1","6002128"
"1","6006932"
"1","6006775"
"1","6009457"
"1","6013660"
"1","6017760"
"1","6009483"
"1","7815357"
"1","100029355"
"1","100026716"
"1","100029007"
"1","100028204"
"1","100030465"
"1","100028576"
"1","100026934"
"1","100025566"
"1","2094293"
"1","2093208"
"1","2093217"
"1","2092938"
"1","2093734"
"1","2094607"
"1","2093453"
"1","2093736"
"1","2082947"
"1","2083489"
"1","2083828"
"1","100028856"
"1","100029180"
"1","100029378"
"1","100026229"
"1","100030133"
"1","100029508"
"1","100029380"
"1","6008521"
"1","6013401"
"1","6028181"
"1","6003821"
"1","6007524"
"1","6015602"
"1","6002612"
"1","6001985"
"1","6026375"
"1","6011038"
"1","6007315"
"1","100028364"
"1","100025974"
"1","100029262"
"1","100029989"
"1","100026582"
"1","100026604"
"1","100029123"
"1","2101912"
"1","2083603"
"1","2093723"
"1","2040326"
"1","2083100"
"1","2042319"
"1","2040783"
"1","2040757"
"1","2094470"
"1","2041923"
"1","100029395"
"1","100028741"
"1","100030388"
"1","100029363"
"1","100026938"
"1","100027618"
"1","100027388"
"1","100029924"
"1","100030268"
"1","6007318"
"1","6007389"
"1","6008635"
"1","6013432"
"1","6034561"
"1","6002782"
"1","6020775"
"1","6015821"
"1","6013293"
"1","6026190"
"1","2082646"
"1","2081889"
"1","2101096"
"1","2041836"
"1","2093191"
"1","2094227"
"1","2092944"
"1","2093255"
"1","2093273"
"1","2081800"
"1","2083719"
"1","100026383"
"1","100030213"
"1","100028904"
"1","100027334"
"1","100027307"
"1","100029945"
"1","100029996"
"1","100027244"
"1","100027414"
"1","100027849"
"1","100027783"
"1","100027769"
"1","100027856"
"1","100027644"
"1","100029812"
"1","2083715"
"1","2083445"
"1","2084490"
"1","2093101"
"1","2101130"
"1","2084125"
"1","2082977"
"1","2041281"
"1","2041420"
"1","2041391"
"1","2040728"
"1","2101467"
"1","2101660"
"1","2040586"
"1","2040485"
"1","2041249"
"1","2083877"
"1","2083930"
"1","2102077"
"1","2083557"
"1","2041867"
"1","2041746"
"1","6026092"
"1","6026097"
"1","6004054"
"1","6010506"
"1","6030704"
"1","6012176"
"1","6021266"
"1","6021803"
"1","6022045"
"1","6001584"
"1","100028784"
"1","100027107"
"1","100028308"
"1","100028929"
"1","100027670"
"1","100029836"
"1","100026237"
"1","2094100"
"1","2083135"
"1","2094530"
"1","2094819"
"1","2101896"
"1","2082236"
"1","2082399"
"1","2083369"
"1","2040519"
"1","2101123"
"1","2083405"
"1","2041161"
"1","2041386"
"1","2101033"
"1","2101889"
"1","2101187"
"1","2102003"
"1","2040284"
"1","2093651"
"1","2093150"
"1","2093777"
"1","100027285"
"1","100030065"
"1","100030108"
"1","100029338"
"1","100026065"
"1","100029566"
"1","100029433"
"1","6001771"
"1","6011879"
"1","6017480"
"1","6028786"
"1","6025611"
"1","6028550"
"1","6031376"
"1","6032471"
"1","6025239"
"1","6008943"
"1","2094729"
"1","2094796"
"1","2094496"
"1","2094509"
"1","2041893"
"1","2101226"
"1","2083737"
"1","2093068"
"1","2082226"
"1","2081935"
"1","2082567"
"1","2094200"
"1","2094475"
"1","2042374"
"1","2083289"
"1","2101484"
"1","2094697"
"1","2093727"
"1","2082742"
"1","2041770"
"1","2093909"
"1","100028590"
"1","100030470"
"1","100028082"
"1","100028460"
"1","100029127"
"1","100029665"
"1","100025544"
"1","100029866"
"1","100026871"
"1","2083660"
"1","2083460"
"1","2083872"
"1","2084134"
"1","2084483"
"1","2094572"
"1","2084350"
"1","2042264"
"1","2083122"
"1","2040878"
"1","8225135"
"1","2101416"
"1","2101165"
"1","2084162"
"1","2041892"
"1","2041476"
"1","2084466"
"1","2081853"
"1","2081962"
"1","2094032"
"1","2093948"
"1","2094257"
"1","6005327"
"1","6008260"
"1","6011644"
"1","6012737"
"1","6031347"
"1","6001960"
"1","6011995"
"1","6008733"
"1","100028336"
"1","100025836"
"1","100030134"
"1","100029278"
"1","100028615"
"1","100030141"
"1","100028373"
"1","100027349"
"1","2180877"
"1","5312881"
"1","5303359"
"1","5308848"
"1","5308924"
"1","2173727"
"1","5304936"
"1","5307950"
"1","5308081"
"1","5308045"
"1","5308122"
"1","2094266"
"1","2092935"
"1","2093707"
"1","2093367"
"1","2093634"
"1","2094602"
"1","2093431"
"1","2093319"
"1","2082095"
"1","2093635"
"1","2083827"
"1","6033295"
"1","9837593"
"1","6012768"
"1","6004412"
"1","9837617"
"1","6005793"
"1","9936090"
"1","6025454"
"1","6031714"
"1","100027361"
"1","100027289"
"1","100026979"
"1","100030302"
"1","100028787"
"1","100029933"
"1","100029758"
"1","100030369"
"1","100027339"
"1","5305832"
"1","5308898"
"1","5308897"
"1","5313178"
"1","2173549"
"1","2170625"
"1","5304119"
"1","2180399"
"1","2181596"
"1","5309212"
"1","2174580"
"1","2083829"
"1","2083170"
"1","2083604"
"1","2083591"
"1","2093758"
"1","2082902"
"1","2101251"
"1","2084053"
"1","2084030"
"1","2101536"
"1","2101204"
"1","2040739"
"1","100027309"
"1","100030040"
"1","100029946"
"1","100027453"
"1","100060877"
"1","2101662"
"1","2040515"
"1","2040659"
"1","6031606"
"1","6007187"
"1","6007993"
"1","9936114"
"1","6005822"
"1","6031269"
"1","6011201"
"1","6011209"
"1","6001702"
"1","6001687"
"1","6001916"
"1","5306185"
"1","5309162"
"1","5304160"
"1","2180933"
"1","2174383"
"1","5304726"
"1","2180954"
"1","2180968"
"1","2180719"
"1","5305412"
"1","5304877"
"1","2094460"
"1","2094315"
"1","2083810"
"1","2082333"
"1","2081901"
"1","2093241"
"1","2093169"
"1","2094223"
"1","2094246"
"1","2094225"
"1","2041353"
"1","2084376"
"1","2093372"
"1","2042227"
"1","2042171"
"1","2042184"
"1","2083406"
"1","2041225"
"1","2041319"
"1","2041380"
"1","6030979"
"1","6032227"
"1","6032176"
"1","6030733"
"1","6032268"
"1","6006294"
"1","6006214"
"1","6018744"
"1","6000196"
"1","6029230"
"1","5310427"
"1","5305356"
"1","5311521"
"1","5311152"
"1","5309741"
"1","5311088"
"1","5308820"
"1","2181003"
"1","5307729"
"1","5307783"
"1","5312900"
"1","5310902"
"1","2093086"
"1","2093267"
"1","2081796"
"1","2081826"
"1","2083708"
"1","2083431"
"1","2101306"
"1","2040663"
"1","2083341"
"1","2093094"
"1","2101558"
"1","2101780"
"1","2101185"
"1","2102102"
"1","2041506"
"1","2093244"
"1","2040397"
"1","2082570"
"1","2040701"
"1","2094221"
"1","2083621"
"1","5309672"
"1","5310133"
"1","2181692"
"1","2174049"
"1","2173999"
"1","5310179"
"1","2170589"
"1","5309011"
"1","2173467"
"1","2173458"
"1","2209433"
"1","5304844"
"1","2101129"
"1","2093408"
"1","2082772"
"1","2041280"
"1","2042082"
"1","2041452"
"1","2082490"
"1","2082000"
"1","6025539"
"1","6028135"
"1","6003567"
"1","6031379"
"1","6031766"
"1","6032423"
"1","6012348"
"1","6011002"
"1","6003320"
"1","6016338"
"1","2042380"
"1","2042343"
"1","2083288"
"1","2101715"
"1","2084271"
"1","2101694"
"1","2094651"
"1","2094658"
"1","2093553"
"1","2082857"
"1","2101875"
"1","5305721"
"1","5305784"
"1","2173204"
"1","2173162"
"1","2173669"
"1","2181055"
"1","5312950"
"1","5310149"
"1","2173649"
"1","2174031"
"1","2209422"
"1","6020836"
"1","6024599"
"1","6006725"
"1","6013577"
"1","6028147"
"1","6032501"
"1","6025212"
"1","2040500"
"1","2094529"
"1","2094592"
"1","2094769"
"1","2101244"
"1","2082386"
"1","2082269"
"1","2040606"
"1","2083367"
"1","2101124"
"1","2082234"
"1","2094598"
"1","2093562"
"1","2094508"
"1","2041773"
"1","2041928"
"1","2101230"
"1","2083773"
"1","2083756"
"1","2082893"
"1","2082166"
"1","2083204"
"1","2041349"
"1","2101439"
"1","2100954"
"1","2041853"
"1","2084148"
"1","2083686"
"1","2094081"
"1","2094291"
"1","2093205"
"1","2093113"
"1","2093490"
"1","5308322"
"1","2174680"
"1","2174891"
"1","2180614"
"1","5305511"
"1","2173299"
"1","2181077"
"1","5307969"
"1","5307921"
"1","5308762"
"1","5304813"
"1","6016436"
"1","6014952"
"1","6015043"
"1","6034229"
"1","6034193"
"1","6034245"
"1","6034213"
"1","6029579"
"1","6028934"
"1","6008796"
"1","2082937"
"1","2083842"
"1","2083043"
"1","2083962"
"1","2094837"
"1","2084482"
"1","2081909"
"1","2083152"
"1","2094824"
"1","2042254"
"1","2042265"
"1","2093720"
"1","2093735"
"1","2093662"
"1","2093826"
"1","2093468"
"1","2093843"
"1","2082963"
"1","2093569"
"1","2083833"
"1","2094645"
"1","2083605"
"1","2208708"
"1","5312544"
"1","5311358"
"1","5306751"
"1","5312769"
"1","5310680"
"1","2170640"
"1","2208624"
"1","5307732"
"1","2180821"
"1","6013037"
"1","6013004"
"1","6034132"
"1","6034139"
"1","6016479"
"1","6011173"
"1","6023285"
"1","8830558"
"1","6022949"
"1","6023442"
"1","2042266"
"1","2084036"
"1","7841944"
"1","2180874"
"1","5312889"
"1","5308890"
"1","5312651"
"1","5308007"
"1","5307959"
"1","5308067"
"1","5308117"
"1","5308128"
"1","2174914"
"1","5308929"
"1","5308958"
"1","2170628"
"1","5308946"
"1","5304116"
"1","2181575"
"1","5311761"
"1","5309217"
"1","2180665"
"1","2181166"
"1","2083617"
"1","2093305"
"1","2093161"
"1","2042307"
"1","2084044"
"1","2101211"
"1","2040744"
"1","2041828"
"1","2082649"
"1","2081911"
"1","2101151"
"1","2170365"
"1","2181802"
"1","2174928"
"1","2174986"
"1","5312501"
"1","5309331"
"1","2170166"
"1","2173711"
"1","5309792"
"1","2181179"
"1","2181171"
"1","6034460"
"1","6021289"
"1","6034313"
"1","6002214"
"1","6032835"
"1","6002186"
"1","6003294"
"1","6029126"
"1","6007001"
"1","6030568"
"1","2041673"
"1","2093239"
"1","2093197"
"1","2094015"
"1","2094244"
"1","2094234"
"1","2093008"
"1","2092952"
"1","2092972"
"1","2092990"
"1","2081825"
"1","5304159"
"1","2180935"
"1","5309642"
"1","2174386"
"1","5312573"
"1","5308995"
"1","2170572"
"1","5305409"
"1","5304881"
"1","5311538"
"1","5311520"
"1","2181794"
"1","2173941"
"1","2180424"
"1","5309128"
"1","5313074"
"1","5305260"
"1","5311178"
"1","5311873"
"1","5305487"
"1","5304528"
"1","5304893"
"1","6029402"
"1","6002161"
"1","6006928"
"1","6009361"
"1","6017731"
"1","6004359"
"1","6030191"
"1","6004776"
"1","7656767"
"1","2082040"
"1","2094286"
"1","2102026"
"1","2083348"
"1","2041308"
"1","2084094"
"1","2041127"
"1","2041258"
"1","2042118"
"1","2041227"
"1","2094641"
"1","2082497"
"1","2040839"
"1","2094535"
"1","2094521"
"1","2094773"
"1","2094399"
"1","2101063"
"1","2101349"
"1","2082470"
"1","2082811"
"1","5305473"
"1","5311105"
"1","2180981"
"1","5308823"
"1","2173147"
"1","2181013"
"1","5307746"
"1","5310955"
"1","2174744"
"1","5309678"
"1","5309685"
"1","5305486"
"1","5305221"
"1","5306352"
"1","5308675"
"1","2172790"
"1","2181635"
"1","2181656"
"1","2174963"
"1","2209515"
"1","5309632"
"1","2174296"
"1","100026676"
"1","100028355"
"1","100030879"
"1","100029118"
"1","100026776"
"1","100028533"
"1","2082268"
"1","2040819"
"1","2040832"
"1","2083583"
"1","2082230"
"1","2042105"
"1","2094723"
"1","2094488"
"1","2094517"
"1","2093021"
"1","2041065"
"1","8351764"
"1","2181700"
"1","2174002"
"1","2170269"
"1","5305393"
"1","2170590"
"1","5309009"
"1","2180804"
"1","2173454"
"1","2180688"
"1","2209441"
"1","5304281"
"1","5307611"
"1","5310944"
"1","5311036"
"1","2170498"
"1","2208910"
"1","5312100"
"1","5313026"
"1","2175051"
"1","2180824"
"1","2173584"
"1","5313005"
"1","5312372"
"1","100027835"
"1","100027926"
"1","100029755"
"1","100027379"
"1","100030160"
"1","100026519"
"1","100029731"
"1","2082439"
"1","2083767"
"1","2093083"
"1","2082897"
"1","2040392"
"1","2082819"
"1","2083455"
"1","2083057"
"1","2101855"
"1","2084479"
"1","2081985"
"1","5305737"
"1","2173175"
"1","2173842"
"1","5305334"
"1","5305900"
"1","2173806"
"1","2181031"
"1","5313011"
"1","2173644"
"1","2174012"
"1","5311951"
"1","2083164"
"1","2082872"
"1","2084342"
"1","2042261"
"1","2083972"
"1","8225132"
"1","5312885"
"1","5308923"
"1","5308884"
"1","2180921"
"1","5308536"
"1","2180715"
"1","5309529"
"1","5312386"
"1","2208822"
"1","2208765"
"1","2208734"
"1","2208862"
"1","5310999"
"1","2174833"
"1","5307655"
"1","2181453"
"1","5309038"
"1","2174882"
"1","2180609"
"1","5305482"
"1","2173423"
"1","2181090"
"1","5307946"
"1","5308054"
"1","5304785"
"1","2208644"
"1","5312909"
"1","100029020"
"1","100027896"
"1","100027707"
"1","100029071"
"1","100028896"
"1","100029341"
"1","100028907"
"1","100029066"
"1","5312653"
"1","5307934"
"1","5308042"
"1","5308118"
"1","2174918"
"1","5308932"
"1","5303984"
"1","2170632"
"1","5308947"
"1","5303827"
"1","2181452"
"1","2173776"
"1","5306518"
"1","5306563"
"1","2174865"
"1","2173603"
"1","2174931"
"1","2174936"
"1","5309695"
"1","5310596"
"1","5311495"
"1","5304242"
"1","100029059"
"1","100028597"
"1","100029130"
"1","100030469"
"1","100028084"
"1","100029113"
"1","100029666"
"1","100025541"
"1","5305968"
"1","5306739"
"1","5310634"
"1","5309414"
"1","2174466"
"1","2174344"
"1","2180631"
"1","5307642"
"1","2170304"
"1","2170541"
"1","2181577"
"1","5309210"
"1","2174575"
"1","2208719"
"1","5309141"
"1","5304928"
"1","5304151"
"1","5309604"
"1","5309623"
"1","2174400"
"1","2181771"
"1","2180605"
"1","2174992"
"1","2175142"
"1","5309321"
"1","5304548"
"1","2170263"
"1","5304678"
"1","5309809"
"1","5312615"
"1","2170163"
"1","2180420"
"1","5308385"
"1","5304488"
"1","5304220"
"1","5311713"
"1","5306612"
"1","5310546"
"1","2209211"
"1","5306053"
"1","5304278"
"1","2170532"
"1","2174378"
"1","2180972"
"1","2180961"
"1","2180728"
"1","2170564"
"1","5310362"
"1","5310441"
"1","5311442"
"1","5311102"
"1","5311078"
"1","5309788"
"1","100030344"
"1","100026036"
"1","100029359"
"1","100029396"
"1","100026563"
"1","100030068"
"1","2180436"
"1","5310372"
"1","5311176"
"1","5309191"
"1","5310412"
"1","5304529"
"1","5304890"
"1","5305225"
"1","5311316"
"1","8245209"
"1","5308597"
"1","2172802"
"1","2181449"
"1","5304335"
"1","5304405"
"1","2174655"
"1","5309171"
"1","2173218"
"1","2208675"
"1","2208697"
"1","2180653"
"1","2180637"
"1","2180897"
"1","100026921"
"1","100030238"
"1","100027359"
"1","100027302"
"1","100030210"
"1","100029729"
"1","100028592"
"1","2180984"
"1","5308826"
"1","2180990"
"1","2180998"
"1","2181015"
"1","5312810"
"1","5310874"
"1","5309520"
"1","2181688"
"1","2181673"
"1","2174059"
"1","2174061"
"1","2172811"
"1","2181638"
"1","2181653"
"1","2172944"
"1","5304183"
"1","5309591"
"1","5309637"
"1","2174300"
"1","5311592"
"1","2170603"
"1","5310983"
"1","2208951"
"1","2208927"
"1","5305664"
"1","2173439"
"1","2173412"
"1","2173332"
"1","2174807"
"1","5306699"
"1","5304538"
"1","2181216"
"1","5310529"
"1","5312794"
"1","5308288"
"1","2174004"
"1","2173957"
"1","5310127"
"1","5305398"
"1","2174636"
"1","2173466"
"1","2180686"
"1","2173312"
"1","5304839"
"1","5305690"
"1","5305767"
"1","2173321"
"1","2208930"
"1","5313092"
"1","2175049"
"1","2180840"
"1","2173591"
"1","5308542"
"1","5308652"
"1","2180708"
"1","5304592"
"1","5309549"
"1","5309556"
"1","100028331"
"1","100029723"
"1","100030166"
"1","100028912"
"1","100027328"
"1","100030029"
"1","100029962"
"1","100028309"
"1","2181326"
"1","2181317"
"1","2181305"
"1","2181253"
"1","2181272"
"1","2181267"
"1","2181201"
"1","5308750"
"1","5304486"
"1","2209270"
"1","2173257"
"1","5305331"
"1","5306031"
"1","2173666"
"1","2173700"
"1","5312948"
"1","5312128"
"1","2173658"
"1","2174029"
"1","5311961"
"1","2209458"
"1","2170284"
"1","2208753"
"1","2208839"
"1","2208830"
"1","2208782"
"1","2208800"
"1","5311034"
"1","2173800"
"1","2173811"
"1","2173794"
"1","5305975"
"1","5312337"
"1","100028502"
"1","2101448"
"1","2040350"
"1","2040992"
"1","2040551"
"1","2041230"
"1","2083880"
"1","2084414"
"1","2093778"
"1","2083562"
"1","8010018"
"1","5310698"
"1","5303527"
"1","2173888"
"1","2174785"
"1","5308616"
"1","5305420"
"1","5305821"
"1","5312965"
"1","2175155"
"1","2175086"
"1","5312532"
"1","2181065"
"1","5303587"
"1","5309048"
"1","2174893"
"1","5305509"
"1","2173421"
"1","2173297"
"1","2173382"
"1","2181079"
"1","5308037"
"1","5308764"
"1","5312622"
"1","5306554"
"1","2172974"
"1","2173577"
"1","2173613"
"1","2174934"
"1","2175014"
"1","2170577"
"1","5312876"
"1","5310584"
"1","5310670"
"1","5306150"
"1","5312485"
"1","5312076"
"1","5311111"
"1","5304041"
"1","5311754"
"1","5311695"
"1","5305797"
"1","5311581"
"1","5309084"
"1","5308798"
"1","2172894"
"1","2180561"
"1","2042333"
"1","2041750"
"1","2083017"
"1","2041229"
"1","2041376"
"1","2101566"
"1","2100968"
"1","2101590"
"1","2040978"
"1","7098489"
"1","5312335"
"1","5311671"
"1","5306736"
"1","5312765"
"1","5310671"
"1","5303297"
"1","2174280"
"1","5306004"
"1","2208613"
"1","2180811"
"1","5306727"
"1","5304504"
"1","2174752"
"1","5304700"
"1","2174847"
"1","5310562"
"1","5310624"
"1","2209215"
"1","5305703"
"1","5304826"
"1","2170096"
"1","2170125"
"1","2170312"
"1","2181431"
"1","2175117"
"1","2181735"
"1","2173473"
"1","5311256"
"1","2173034"
"1","2174097"
"1","2181362"
"1","2180762"
"1","2093160"
"1","2093693"
"1","2082532"
"1","2093930"
"1","2094148"
"1","2083618"
"1","2042369"
"1","2083292"
"1","2083284"
"1","2082859"
"1","2101824"
"1","2170472"
"1","2181773"
"1","2174993"
"1","2174982"
"1","2208572"
"1","5309342"
"1","5303570"
"1","5308282"
"1","5304076"
"1","2173712"
"1","5309793"
"1","2181173"
"1","5304649"
"1","2174813"
"1","2181402"
"1","5304394"
"1","5304341"
"1","5304414"
"1","5312198"
"1","2173387"
"1","2208678"
"1","2208649"
"1","2180628"
"1","2173047"
"1","5305538"
"1","2174695"
"1","2173072"
"1","2180772"
"1","2173088"
"1","2209409"
"1","2173119"
"1","5306261"
"1","5309307"
"1","2174125"
"1","2181290"
"1","5304909"
"1","2170162"
"1","2180413"
"1","5311845"
"1","5313072"
"1","5305259"
"1","5303444"
"1","2172955"
"1","5311866"
"1","5305464"
"1","2094612"
"1","2093684"
"1","2082256"
"1","2082980"
"1","2082362"
"1","2101883"
"1","2041334"
"1","2101414"
"1","2101327"
"1","2082263"
"1","2041320"
"1","5304028"
"1","2174332"
"1","5305700"
"1","8481825"
"1","2173365"
"1","2173414"
"1","2173194"
"1","2173330"
"1","2174802"
"1","2174942"
"1","5306695"
"1","2180778"
"1","2174176"
"1","2174198"
"1","2174262"
"1","2174232"
"1","2174272"
"1","2172758"
"1","2172746"
"1","5311287"
"1","2181558"
"1","5311296"
"1","5304526"
"1","5304906"
"1","5310388"
"1","5305261"
"1","5311366"
"1","5306409"
"1","5308255"
"1","5308505"
"1","2181622"
"1","2181660"
"1","2174958"
"1","2082004"
"1","2081965"
"1","2094077"
"1","2094003"
"1","2094265"
"1","2092926"
"1","2093576"
"1","2093743"
"1","2093304"
"1","2093454"
"1","2173742"
"1","5305301"
"1","5312813"
"1","5308293"
"1","5308341"
"1","5308428"
"1","2181320"
"1","2181338"
"1","2181271"
"1","2181203"
"1","5306632"
"1","5311453"
"1","5304036"
"1","5309569"
"1","2174309"
"1","5307621"
"1","5307633"
"1","5311040"
"1","2208943"
"1","5312106"
"1","2175045"
"1","2180844"
"1","2209252"
"1","7250814"
"1","7383628"
"1","7854471"
"1","7963662"
"1","8116698"
"1","8149791"
"1","8172206"
"1","8155908"
"1","8343330"
"1","8971767"
"1","8997533"
"1","5306633"
"1","5305343"
"1","2208563"
"1","5310700"
"1","5312258"
"1","2174776"
"1","5308733"
"1","5305415"
"1","5305497"
"1","5312962"
"1","2175182"
"1","2093422"
"1","2093731"
"1","2082096"
"1","2083469"
"1","2083145"
"1","2083610"
"1","2093605"
"1","2093572"
"1","2101265"
"1","2092963"
"1","2084028"
"1","2208625"
"1","5313002"
"1","5308519"
"1","5308658"
"1","2180693"
"1","2180702"
"1","5309528"
"1","5309552"
"1","2170292"
"1","2208754"
"1","2208769"
"1","9371003"
"1","9256031"
"1","2174475"
"1","9684102"
"1","9708042"
"1","9802375"
"1","9802390"
"1","10010621"
"1","2178860"
"1","2177056"
"1","2179031"
"1","5312440"
"1","5312126"
"1","5311147"
"1","5305795"
"1","5311652"
"1","5309100"
"1","2173923"
"1","2181412"
"1","2180577"
"1","2174365"
"1","2173012"
"1","2173025"
"1","2084003"
"1","2101519"
"1","2101278"
"1","2094312"
"1","2041998"
"1","2083480"
"1","2082647"
"1","2081872"
"1","2041680"
"1","2093234"
"1","2208771"
"1","2208780"
"1","2208863"
"1","5310921"
"1","5305873"
"1","2173816"
"1","2173779"
"1","2173515"
"1","5306586"
"1","2172976"
"1","2173729"
"1","2170578"
"1","2176851"
"1","2178644"
"1","2167672"
"1","2167728"
"1","2180061"
"1","2176261"
"1","2177054"
"1","2179246"
"1","2176358"
"1","2176912"
"1","2176927"
"1","2178783"
"1","2177862"
"1","5309691"
"1","5312542"
"1","5304264"
"1","5308387"
"1","5307814"
"1","2174740"
"1","5311766"
"1","5311723"
"1","5304705"
"1","5306644"
"1","2181728"
"1","5307801"
"1","5311241"
"1","5311262"
"1","2181352"
"1","2173041"
"1","5305541"
"1","2173065"
"1","2173080"
"1","2173086"
"1","5312391"
"1","2094067"
"1","2094190"
"1","2094231"
"1","2093004"
"1","2092946"
"1","2093270"
"1","2092977"
"1","2093081"
"1","2082072"
"1","2082062"
"1","5306639"
"1","2174851"
"1","5310571"
"1","2209224"
"1","5305720"
"1","5304737"
"1","5309715"
"1","5304646"
"1","2170526"
"1","2174809"
"1","5304369"
"1","2167771"
"1","2178133"
"1","2178335"
"1","2176808"
"1","2176967"
"1","2178365"
"1","2179202"
"1","2176302"
"1","2167257"
"1","2178508"
"1","2178497"
"1","2178306"
"1","2171484"
"1","2173103"
"1","2173121"
"1","5306227"
"1","5306260"
"1","5304070"
"1","2174107"
"1","2174118"
"1","2180777"
"1","2174146"
"1","2174155"
"1","2174181"
"1","2040892"
"1","2101322"
"1","2082862"
"1","2093107"
"1","2041800"
"1","2101144"
"1","2093398"
"1","2042131"
"1","2082767"
"1","2041252"
"1","2041414"
"1","5304419"
"1","2180912"
"1","5309178"
"1","2173553"
"1","5311167"
"1","8186806"
"1","2208690"
"1","2180649"
"1","2180640"
"1","2180438"
"1","5305643"
"1","2173441"
"1","2173402"
"1","2173327"
"1","2174682"
"1","2209059"
"1","2174699"
"1","5305942"
"1","2173707"
"1","5305298"
"1","5312795"
"1","5312910"
"1","2181325"
"1","2179952"
"1","2179238"
"1","2175470"
"1","7054150"
"1","2172213"
"1","2171745"
"1","2167638"
"1","2177858"
"1","2175727"
"1","2177993"
"1","2178011"
"1","2180007"
"1","2174183"
"1","2174196"
"1","2174261"
"1","2174226"
"1","2174215"
"1","2174273"
"1","8267375"
"1","2172768"
"1","5308086"
"1","2173496"
"1","2208558"
"1","2041299"
"1","2041398"
"1","2083386"
"1","2094544"
"1","2094771"
"1","2094787"
"1","2084478"
"1","2082235"
"1","2082810"
"1","2040482"
"1","2181242"
"1","2181249"
"1","2181315"
"1","2181275"
"1","2181258"
"1","5308710"
"1","5305862"
"1","5306635"
"1","2209194"
"1","2208567"
"1","5310627"
"1","5310708"
"1","2179450"
"1","2176694"
"1","2177692"
"1","2178267"
"1","2178284"
"1","2178934"
"1","2178240"
"1","2179616"
"1","2177120"
"1","2179973"
"1","2176361"
"1","2176180"
"1","2177685"
"1","7250819"
"1","7250828"
"1","5309064"
"1","7963659"
"1","8010642"
"1","8065409"
"1","8116692"
"1","8107919"
"1","8162573"
"1","8172203"
"1","8252737"
"1","8385129"
"1","8972005"
"1","2083586"
"1","2082185"
"1","2042095"
"1","2094606"
"1","2093396"
"1","2094499"
"1","2094514"
"1","2041772"
"1","9619292"
"1","2082428"
"1","2082434"
"1","2173899"
"1","5308622"
"1","5308737"
"1","5305826"
"1","2174605"
"1","5312082"
"1","5312424"
"1","5312432"
"1","5312474"
"1","2173849"
"1","5311114"
"1","2177687"
"1","2179220"
"1","2177005"
"1","2177547"
"1","2172005"
"1","2177018"
"1","2177011"
"1","2178610"
"1","2172230"
"1","2179063"
"1","2177576"
"1","2175818"
"1","2177394"
"1","5311567"
"1","5305801"
"1","5311667"
"1","5309082"
"1","5308782"
"1","5308809"
"1","2172929"
"1","2180569"
"1","2170668"
"1","2170122"
"1","2180580"
"1","8997540"
"1","9038152"
"1","9256023"
"1","9308164"
"1","2174477"
"1","9649247"
"1","9684116"
"1","10010521"
"1","9802377"
"1","10010617"
"1","10010605"
"1","2040449"
"1","2083757"
"1","2093071"
"1","2082178"
"1","2081940"
"1","2083670"
"1","2083335"
"1","2083898"
"1","2083966"
"1","2042432"
"1","2094841"
"1","2081904"
"1","2175965"
"1","2175832"
"1","2176750"
"1","2178630"
"1","2178564"
"1","2178578"
"1","2178606"
"1","2167784"
"1","2178037"
"1","2178215"
"1","2178944"
"1","2176341"
"1","2180589"
"1","2181724"
"1","2181738"
"1","5311261"
"1","2181355"
"1","2180763"
"1","2173046"
"1","5308577"
"1","2173067"
"1","2208596"
"1","5306010"
"1","2209157"
"1","2178826"
"1","2176574"
"1","2178631"
"1","2178638"
"1","2178063"
"1","2180111"
"1","2176547"
"1","2176614"
"1","2176641"
"1","2177103"
"1","2176293"
"1","2172175"
"1","2178831"
"1","2083970"
"1","2084345"
"1","2042243"
"1","2042270"
"1","2040879"
"1","9073778"
"1","5312883"
"1","5303315"
"1","5308874"
"1","5308866"
"1","2179286"
"1","2179826"
"1","2179363"
"1","2178991"
"1","2176721"
"1","2176054"
"1","2177823"
"1","2167362"
"1","2177848"
"1","2177533"
"1","2167336"
"1","2176247"
"1","5311276"
"1","2173116"
"1","5306266"
"1","5304263"
"1","2174131"
"1","2174164"
"1","5304464"
"1","2174193"
"1","2174260"
"1","2174235"
"1","2174241"
"1","2177647"
"1","2177496"
"1","2179384"
"1","2177402"
"1","2179432"
"1","2171514"
"1","2171648"
"1","2167919"
"1","2167615"
"1","2171860"
"1","2171881"
"1","2171895"
"1","2176857"
"1","2177904"
"1","2167680"
"1","2167765"
"1","2178889"
"1","8472711"
"1","2178529"
"1","2176985"
"1","2176996"
"1","2179122"
"1","2176299"
"1","2178197"
"1","2178512"
"1","2173694"
"1","5304734"
"1","5307949"
"1","5308058"
"1","5308107"
"1","2174900"
"1","2170612"
"1","5308951"
"1","5303806"
"1","2180412"
"1","2181602"
"1","5306946"
"1","2172751"
"1","2209180"
"1","2181547"
"1","5311292"
"1","2209254"
"1","5308538"
"1","7250826"
"1","7991422"
"1","8065411"
"1","8116707"
"1","2171931"
"1","2172013"
"1","2172037"
"1","2176858"
"1","2177172"
"1","2177716"
"1","2171332"
"1","2178415"
"1","2177750"
"1","2177291"
"1","2177327"
"1","2178511"
"1","2178718"
"1","2178502"
"1","2171283"
"1","2167585"
"1","2179943"
"1","2176088"
"1","2172350"
"1","2175405"
"1","2175693"
"1","2172218"
"1","2176427"
"1","2180120"
"1","5309208"
"1","2180660"
"1","5304759"
"1","5309713"
"1","5304150"
"1","5309629"
"1","2174407"
"1","2174413"
"1","5312514"
"1","2180724"
"1","2170575"
"1","2177365"
"1","2176762"
"1","2167582"
"1","2177181"
"1","2175593"
"1","2175618"
"1","2167431"
"1","2167452"
"1","2171451"
"1","2167858"
"1","2175494"
"1","8014569"
"1","8162564"
"1","8211098"
"1","8343344"
"1","8550285"
"1","8971978"
"1","8997541"
"1","9038148"
"1","9308168"
"1","9619182"
"1","9649249"
"1","9708043"
"1","9985263"
"1","10010539"
"1","9802383"
"1","10010608"
"1","2178861"
"1","2176566"
"1","2179035"
"1","2178663"
"1","2167665"
"1","2167748"
"1","2180043"
"1","2178757"
"1","2176576"
"1","2176628"
"1","2179089"
"1","2177228"
"1","2177221"
"1","2177989"
"1","2175682"
"1","2178488"
"1","2178295"
"1","2167718"
"1","2172253"
"1","2179894"
"1","2175873"
"1","2177694"
"1","8229604"
"1","8510391"
"1","8510395"
"1","8505126"
"1","9081869"
"1","2216826"
"1","2217097"
"1","2210842"
"1","9483224"
"1","2217651"
"1","2210883"
"1","2201837"
"1","2211247"
"1","5305386"
"1","5304855"
"1","5310451"
"1","5305357"
"1","5311514"
"1","5311054"
"1","5309742"
"1","5308832"
"1","2173149"
"1","2181001"
"1","5307785"
"1","2167370"
"1","2175913"
"1","2176492"
"1","2176916"
"1","2177899"
"1","2176610"
"1","100066822"
"1","2178799"
"1","2176956"
"1","2176995"
"1","2177937"
"1","2179138"
"1","2179124"
"1","2175918"
"1","2178269"
"1","2178924"
"1","2178935"
"1","2178238"
"1","2178223"
"1","2171512"
"1","2177115"
"1","2178099"
"1","2179991"
"1","2175795"
"1","2176161"
"1","2210961"
"1","2201973"
"1","2217487"
"1","2213870"
"1","2217070"
"1","2213932"
"1","2211255"
"1","2217159"
"1","2216997"
"1","2213477"
"1","2213502"
"1","2202428"
"1","2220188"
"1","5312274"
"1","5310948"
"1","5309655"
"1","5309066"
"1","2181705"
"1","2174054"
"1","2174048"
"1","2170271"
"1","5311403"
"1","2170586"
"1","5305645"
"1","7520575"
"1","2176313"
"1","2178190"
"1","2167240"
"1","2178325"
"1","2178503"
"1","2178315"
"1","2171501"
"1","2167766"
"1","2179947"
"1","2179237"
"1","2176086"
"1","2175274"
"1","2171817"
"1","2176430"
"1","2171755"
"1","2176756"
"1","2167803"
"1","2177238"
"1","2177972"
"1","2177603"
"1","2175681"
"1","2178019"
"1","2178480"
"1","2167670"
"1","2167768"
"1","2167628"
"1","2175923"
"1","2178886"
"1","2178614"
"1","2180118"
"1","2179013"
"1","2178737"
"1","2171553"
"1","2177165"
"1","2175857"
"1","2176404"
"1","2177627"
"1","2178566"
"1","2216726"
"1","2216754"
"1","2213785"
"1","2202417"
"1","2213702"
"1","2213421"
"1","2213418"
"1","2216658"
"1","2211351"
"1","2217711"
"1","2217843"
"1","2217647"
"1","5305215"
"1","5305734"
"1","2173169"
"1","2173320"
"1","2173207"
"1","5303566"
"1","5306048"
"1","2173672"
"1","2181043"
"1","2181033"
"1","5309355"
"1","7054148"
"1","2175672"
"1","2176791"
"1","2175852"
"1","2178279"
"1","2167557"
"1","2178246"
"1","2178220"
"1","2171565"
"1","2177107"
"1","2177132"
"1","2178090"
"1","2177951"
"1","2178599"
"1","2178587"
"1","2178216"
"1","2178960"
"1","2179485"
"1","2179292"
"1","2179831"
"1","2171598"
"1","2176169"
"1","2177777"
"1","2175752"
"1","2177826"
"1","2213664"
"1","2216675"
"1","2211414"
"1","2210925"
"1","2217232"
"1","2211307"
"1","2210774"
"1","2201984"
"1","2213763"
"1","2202352"
"1","2202094"
"1","2216800"
"1","2173787"
"1","2174013"
"1","2209459"
"1","2181063"
"1","5310165"
"1","5305517"
"1","2173381"
"1","2181089"
"1","5312525"
"1","5312625"
"1","5312324"
"1","5311351"
"1","2178341"
"1","2179557"
"1","2179566"
"1","2177596"
"1","2177591"
"1","2176162"
"1","2177480"
"1","2171322"
"1","2176817"
"1","2177676"
"1","2172006"
"1","2179468"
"1","2178734"
"1","2178621"
"1","2176347"
"1","2177557"
"1","2180088"
"1","2175813"
"1","2171544"
"1","2175247"
"1","2175869"
"1","2176382"
"1","2176749"
"1","2178569"
"1","2178165"
"1","2171969"
"1","2177831"
"1","2177511"
"1","2177527"
"1","2167316"
"1","2177095"
"1","2177843"
"1","2177648"
"1","2175360"
"1","2179326"
"1","2171824"
"1","2176279"
"1","2171524"
"1","2216813"
"1","2211407"
"1","2214189"
"1","2217180"
"1","2216920"
"1","2216766"
"1","2202128"
"1","2217262"
"1","2217298"
"1","2217276"
"1","2213754"
"1","2213577"
"1","2178184"
"1","2177000"
"1","2176844"
"1","2167300"
"1","2178218"
"1","2178947"
"1","2177136"
"1","2179838"
"1","2171465"
"1","2178995"
"1","2177805"
"1","2176068"
"1","2176076"
"1","2167353"
"1","5305955"
"1","5306733"
"1","5309704"
"1","5310684"
"1","5309394"
"1","2174450"
"1","2208618"
"1","2180812"
"1","2170475"
"1","2170375"
"1","2180336"
"1","2171644"
"1","7054180"
"1","2176096"
"1","2167624"
"1","2167578"
"1","2171857"
"1","2171884"
"1","2171912"
"1","2171939"
"1","2172025"
"1","2172040"
"1","2172063"
"1","2216995"
"1","2217013"
"1","2217028"
"1","2210862"
"1","2213804"
"1","2216838"
"1","2216848"
"1","2217846"
"1","2211154"
"1","2211173"
"1","2211193"
"1","2217722"
"1","2211050"
"1","2167361"
"1","2167398"
"1","2177839"
"1","2177517"
"1","2176457"
"1","2176213"
"1","2171498"
"1","2177089"
"1","2176892"
"1","2177654"
"1","2177492"
"1","2177450"
"1","2179425"
"1","2177720"
"1","2177728"
"1","2178429"
"1","2177755"
"1","2177306"
"1","2177322"
"1","2177330"
"1","2177361"
"1","2176765"
"1","2175366"
"1","2175493"
"1","2174624"
"1","5312587"
"1","5308149"
"1","5304674"
"1","5309791"
"1","2181289"
"1","5312614"
"1","2170502"
"1","5311824"
"1","5309122"
"1","5310429"
"1","5311393"
"1","2211074"
"1","2213609"
"1","2211087"
"1","2211100"
"1","2217576"
"1","2217599"
"1","2217390"
"1","2217405"
"1","2202175"
"1","2202189"
"1","2202240"
"1","2211212"
"1","2217448"
"1","2171527"
"1","2177145"
"1","2176101"
"1","2177427"
"1","2171849"
"1","2171878"
"1","2171933"
"1","2172026"
"1","2171578"
"1","2172178"
"1","2172085"
"1","2177733"
"1","2175589"
"1","2175595"
"1","2175626"
"1","2167447"
"1","2167864"
"1","7853575"
"1","8111025"
"1","8510400"
"1","8505114"
"1","8505130"
"1","9840733"
"1","2216835"
"1","2177736"
"1","2178432"
"1","2178420"
"1","2177297"
"1","2177317"
"1","2177339"
"1","2177353"
"1","2171374"
"1","2171410"
"1","2171298"
"1","2175428"
"1","2217460"
"1","2217461"
"1","2217609"
"1","2213544"
"1","2211224"
"1","7951164"
"1","8045508"
"1","8110962"
"1","9910409"
"1","10020641"
"1","2224858"
"1","2224821"
"1","8021363"
"1","5311874"
"1","5304568"
"1","5304920"
"1","5310415"
"1","5305446"
"1","5311333"
"1","7846619"
"1","5308677"
"1","2172834"
"1","9275449"
"1","2210920"
"1","2220084"
"1","2211252"
"1","2201987"
"1","2201975"
"1","2217479"
"1","2213883"
"1","2217060"
"1","2213904"
"1","2213930"
"1","2211261"
"1","2175603"
"1","2175627"
"1","2167445"
"1","2167860"
"1","2167876"
"1","7997460"
"1","8111027"
"1","8510389"
"1","8510405"
"1","8505118"
"1","8762578"
"1","2216823"
"1","2231683"
"1","2224891"
"1","2221057"
"1","2224709"
"1","2227855"
"1","2224205"
"1","2230930"
"1","2231016"
"1","2231005"
"1","2230956"
"1","2224800"
"1","2228809"
"1","2228417"
"1","2172805"
"1","2181657"
"1","5311791"
"1","5311464"
"1","5309496"
"1","5309580"
"1","2174311"
"1","2170605"
"1","5310984"
"1","2170489"
"1","2208939"
"1","2208959"
"1","2216998"
"1","2213484"
"1","2213498"
"1","2202412"
"1","2216718"
"1","2216704"
"1","2216723"
"1","2216898"
"1","2211276"
"1","2213400"
"1","2213721"
"1","2213734"
"1","2216657"
"1","2210798"
"1","2217699"
"1","2217677"
"1","2217649"
"1","2213675"
"1","2210924"
"1","2213835"
"1","2217228"
"1","2211314"
"1","2214140"
"1","2214041"
"1","2217109"
"1","2220182"
"1","7130079"
"1","2217491"
"1","2217541"
"1","2211109"
"1","2201795"
"1","2201816"
"1","2213553"
"1","7130085"
"1","2201866"
"1","2211002"
"1","2224578"
"1","2228265"
"1","2227614"
"1","2227633"
"1","2227653"
"1","2227677"
"1","2227695"
"1","2227566"
"1","2228389"
"1","2223811"
"1","2231107"
"1","2231884"
"1","2225925"
"1","2221092"
"1","2217243"
"1","2216795"
"1","2216815"
"1","2211409"
"1","2211418"
"1","2217154"
"1","2217817"
"1","2217257"
"1","2217295"
"1","2217312"
"1","2213567"
"1","2213581"
"1","2208912"
"1","5304171"
"1","5313091"
"1","2175047"
"1","2180837"
"1","2208724"
"1","2173687"
"1","5312989"
"1","5312354"
"1","5308649"
"1","2180699"
"1","5304610"
"1","2202142"
"1","2211294"
"1","2217208"
"1","2213888"
"1","2213935"
"1","2211264"
"1","2213681"
"1","2213501"
"1","2213452"
"1","7130138"
"1","2216735"
"1","2216717"
"1","2221095"
"1","2231904"
"1","2223736"
"1","2224548"
"1","2227415"
"1","2230889"
"1","2230863"
"1","2230886"
"1","2225847"
"1","2228043"
"1","2224497"
"1","2225945"
"1","2225805"
"1","2225695"
"1","2210951"
"1","2211471"
"1","2217004"
"1","2217081"
"1","7875516"
"1","2220224"
"1","2210767"
"1","2216864"
"1","2216870"
"1","2211152"
"1","2211170"
"1","2211187"
"1","2211052"
"1","5309531"
"1","5309550"
"1","5309559"
"1","2208733"
"1","2208818"
"1","2208836"
"1","2208848"
"1","2208860"
"1","5310932"
"1","5307656"
"1","2173781"
"1","2201879"
"1","2211280"
"1","2213705"
"1","2213709"
"1","2213730"
"1","2213416"
"1","2220194"
"1","2217675"
"1","2217702"
"1","2202304"
"1","2211237"
"1","2213843"
"1","2231826"
"1","2230781"
"1","2227543"
"1","2228620"
"1","2224619"
"1","7688198"
"1","2225393"
"1","2223838"
"1","2228349"
"1","2223906"
"1","7825223"
"1","2225889"
"1","2224688"
"1","2224325"
"1","2213598"
"1","2213617"
"1","2211095"
"1","2217568"
"1","2217591"
"1","2217396"
"1","2202157"
"1","2202208"
"1","2202247"
"1","2217437"
"1","2217459"
"1","2213534"
"1","2213841"
"1","2202414"
"1","2202147"
"1","2213530"
"1","2214099"
"1","2216944"
"1","2202328"
"1","2202074"
"1","2216801"
"1","2216809"
"1","2213327"
"1","2214191"
"1","2173639"
"1","5306503"
"1","5306571"
"1","5306553"
"1","2172969"
"1","2173576"
"1","2173617"
"1","2175002"
"1","2174937"
"1","5312860"
"1","5312535"
"1","5310691"
"1","2224157"
"1","2228071"
"1","2227559"
"1","2228876"
"1","2228651"
"1","2228553"
"1","2225107"
"1","2230585"
"1","2223879"
"1","2230795"
"1","2225196"
"1","2220954"
"1","2228297"
"1","2217618"
"1","7941215"
"1","8110966"
"1","2213760"
"1","9910406"
"1","2220990"
"1","2228161"
"1","2224812"
"1","2224836"
"1","2231177"
"1","2231661"
"1","2231400"
"1","2221079"
"1","2217833"
"1","2213524"
"1","2217265"
"1","2217310"
"1","2213585"
"1","2216958"
"1","2217006"
"1","2217052"
"1","2217909"
"1","2213815"
"1","2216761"
"1","2211179"
"1","5304245"
"1","5308383"
"1","5307823"
"1","5311612"
"1","5311741"
"1","5304670"
"1","2174856"
"1","2180866"
"1","5310545"
"1","2170523"
"1","5304820"
"1","2211194"
"1","2211048"
"1","2211059"
"1","2217114"
"1","2213621"
"1","2211084"
"1","2217759"
"1","2217562"
"1","2217589"
"1","2217389"
"1","2217404"
"1","2202181"
"1","2202197"
"1","2230352"
"1","2230291"
"1","2225100"
"1","2225068"
"1","2224284"
"1","2225005"
"1","2231942"
"1","2231534"
"1","2231490"
"1","2228669"
"1","2224380"
"1","2231416"
"1","2228121"
"1","2228945"
"1","2224403"
"1","2228566"
"1","2224670"
"1","2223806"
"1","2230923"
"1","2231021"
"1","2230958"
"1","2230969"
"1","2230975"
"1","2228238"
"1","2224919"
"1","2224272"
"1","2228412"
"1","2228614"
"1","2231154"
"1","5309732"
"1","5303410"
"1","2181143"
"1","2174079"
"1","5304372"
"1","5304350"
"1","2180788"
"1","2209290"
"1","2173632"
"1","5311166"
"1","2208680"
"1","2227602"
"1","2227621"
"1","2227636"
"1","2227658"
"1","2227696"
"1","2227466"
"1","2228225"
"1","2230403"
"1","2230683"
"1","2231877"
"1","2224613"
"1","2221100"
"1","2202205"
"1","2202212"
"1","2217444"
"1","2217416"
"1","2217431"
"1","2213953"
"1","2213539"
"1","2201943"
"1","8045512"
"1","9930200"
"1","2220980"
"1","2224863"
"1","2228292"
"1","2224818"
"1","2226097"
"1","2230282"
"1","2230220"
"1","2225327"
"1","2227771"
"1","2224005"
"1","2224029"
"1","2227712"
"1","2227723"
"1","2227829"
"1","2227861"
"1","2227919"
"1","2224065"
"1","2224078"
"1","2224090"
"1","2208654"
"1","2180638"
"1","5307848"
"1","5304801"
"1","2173367"
"1","2173415"
"1","2173406"
"1","2173398"
"1","2174686"
"1","2174691"
"1","5306701"
"1","5305292"
"1","2220925"
"1","2223733"
"1","2224543"
"1","2227414"
"1","2230910"
"1","2230842"
"1","2230867"
"1","2225839"
"1","2228005"
"1","2224484"
"1","2224530"
"1","2225807"
"1","2225716"
"1","2231787"
"1","2231626"
"1","2225952"
"1","2225978"
"1","2227735"
"1","2224122"
"1","2228376"
"1","7779930"
"1","8016788"
"1","8155984"
"1","8396962"
"1","8383893"
"1","9017299"
"1","2224849"
"1","2224737"
"1","2228157"
"1","2228023"
"1","2221073"
"1","2223968"
"1","2230920"
"1","2231025"
"1","2230935"
"1","2230947"
"1","2230959"
"1","2230979"
"1","2228258"
"1","2224265"
"1","2225262"
"1","2228358"
"1","2228633"
"1","2224634"
"1","2225591"
"1","2228177"
"1","2223931"
"1","2228012"
"1","2224703"
"1","2225886"
"1","2227992"
"1","2231893"
"1","2228112"
"1","5310468"
"1","5312824"
"1","5312090"
"1","5308338"
"1","5306798"
"1","2181318"
"1","2181236"
"1","2181337"
"1","2181279"
"1","10045250"
"1","5308722"
"1","5306664"
"1","7005593"
"1","2222274"
"1","2223067"
"1","2232223"
"1","2232354"
"1","2228994"
"1","2229071"
"1","2229119"
"1","2229159"
"1","2229177"
"1","2229206"
"1","2229253"
"1","2224300"
"1","2231923"
"1","2228519"
"1","2225168"
"1","2223810"
"1","2230525"
"1","2228335"
"1","2223887"
"1","2230814"
"1","2220958"
"1","2224507"
"1","2230296"
"1","2231696"
"1","2225069"
"1","5305339"
"1","2209281"
"1","2208599"
"1","5310705"
"1","5303515"
"1","2181616"
"1","2174775"
"1","5308619"
"1","5308695"
"1","5305828"
"1","2209187"
"1","2224274"
"1","2228414"
"1","2228317"
"1","2227595"
"1","2227631"
"1","2227670"
"1","2227686"
"1","2228466"
"1","2224773"
"1","2230414"
"1","2224611"
"1","2226001"
"1","2221106"
"1","2225732"
"1","2229494"
"1","2229584"
"1","2229045"
"1","2229740"
"1","2229814"
"1","2229412"
"1","2229392"
"1","2229333"
"1","2223142"
"1","2229425"
"1","2223156"
"1","2229700"
"1","2223105"
"1","2222723"
"1","2223059"
"1","2222287"
"1","2230073"
"1","2230094"
"1","2229541"
"1","2230147"
"1","2229866"
"1","2229377"
"1","2230028"
"1","2224296"
"1","2225015"
"1","2231525"
"1","2231500"
"1","2228668"
"1","2231432"
"1","2231421"
"1","2227546"
"1","2225109"
"1","2220972"
"1","2225601"
"1","2230283"
"1","2224541"
"1","2226156"
"1","2226055"
"1","2220890"
"1","2231674"
"1","2227427"
"1","2230837"
"1","2230866"
"1","2230887"
"1","2228035"
"1","2228031"
"1","2225687"
"1","2231822"
"1","2231350"
"1","2228360"
"1","2223915"
"1","2230452"
"1","2175165"
"1","5312434"
"1","5304195"
"1","5311150"
"1","5311716"
"1","5311864"
"1","5304465"
"1","5305796"
"1","5311582"
"1","5311575"
"1","2229374"
"1","2222573"
"1","2222452"
"1","2229893"
"1","2222807"
"1","2230043"
"1","2223286"
"1","2223277"
"1","2222302"
"1","2223512"
"1","2229290"
"1","2223541"
"1","2227783"
"1","8322173"
"1","2224004"
"1","2231537"
"1","2228211"
"1","2224043"
"1","2227715"
"1","2227847"
"1","2227943"
"1","2224077"
"1","2224386"
"1","2231619"
"1","2225957"
"1","2225976"
"1","2226116"
"1","5308788"
"1","5309023"
"1","2173841"
"1","2172994"
"1","2180562"
"1","2170669"
"1","2170663"
"1","2180587"
"1","2173023"
"1","2181731"
"1","5311209"
"1","2228710"
"1","2225597"
"1","2225353"
"1","2223840"
"1","2224971"
"1","2224475"
"1","2221029"
"1","2228010"
"1","2231375"
"1","2228145"
"1","2226069"
"1","2224725"
"1","2224147"
"1","2228306"
"1","2227561"
"1","2222600"
"1","2222622"
"1","2222674"
"1","2222697"
"1","2223548"
"1","2223220"
"1","2222636"
"1","2223323"
"1","2223365"
"1","8125617"
"1","8656122"
"1","9546688"
"1","2231442"
"1","2224115"
"1","2228564"
"1","2224126"
"1","7921645"
"1","8016800"
"1","8353235"
"1","8383894"
"1","9017305"
"1","9760352"
"1","2232042"
"1","2232082"
"1","9844591"
"1","2226779"
"1","2226740"
"1","2226724"
"1","2221602"
"1","2221789"
"1","2221416"
"1","2220355"
"1","2227005"
"1","2221623"
"1","2220407"
"1","2221845"
"1","2221857"
"1","2171227"
"1","2223862"
"1","2228648"
"1","2228559"
"1","2223799"
"1","2227483"
"1","2230505"
"1","2224755"
"1","2223847"
"1","2228115"
"1","2228181"
"1","2230798"
"1","8165012"
"1","2231677"
"1","2230336"
"1","5311231"
"1","5311259"
"1","2172842"
"1","2208881"
"1","2181357"
"1","2180764"
"1","2173060"
"1","5305551"
"1","5310453"
"1","2173094"
"1","2173100"
"1","2173527"
"1","2222958"
"1","2223624"
"1","2232277"
"1","2229054"
"1","2229081"
"1","2229105"
"1","2229139"
"1","2229156"
"1","2229202"
"1","2229223"
"1","2229235"
"1","2229261"
"1","2226783"
"1","2218447"
"1","2221206"
"1","2222136"
"1","2180222"
"1","2221524"
"1","2221532"
"1","2221730"
"1","2227236"
"1","2221229"
"1","2220423"
"1","2226269"
"1","2173108"
"1","5306233"
"1","5309441"
"1","2174123"
"1","2174145"
"1","2174175"
"1","2181437"
"1","2174206"
"1","2174238"
"1","2174214"
"1","2174247"
"1","2230365"
"1","2231768"
"1","2231720"
"1","2230317"
"1","2230691"
"1","2225007"
"1","2225035"
"1","2231946"
"1","2231529"
"1","2231869"
"1","2225901"
"1","2231403"
"1","2231424"
"1","2231342"
"1","2225909"
"1","2229562"
"1","2229746"
"1","2225482"
"1","2229622"
"1","2229414"
"1","2222262"
"1","2229409"
"1","2223145"
"1","2232193"
"1","2223042"
"1","2222640"
"1","2223123"
"1","2230064"
"1","2229975"
"1","2229368"
"1","2223183"
"1","2229869"
"1","2229327"
"1","2230030"
"1","2223179"
"1","2222880"
"1","2222551"
"1","2223301"
"1","7617418"
"1","2226471"
"1","2226503"
"1","2227245"
"1","2220357"
"1","2218151"
"1","2172415"
"1","2220545"
"1","2172513"
"1","2226642"
"1","2220260"
"1","2221492"
"1","2221765"
"1","2227138"
"1","8653071"
"1","2224427"
"1","2225598"
"1","2220943"
"1","2230255"
"1","2230270"
"1","2230227"
"1","2223691"
"1","2224582"
"1","2227780"
"1","2228195"
"1","2231542"
"1","2231569"
"1","2224036"
"1","2223256"
"1","2229898"
"1","2229969"
"1","2223494"
"1","2223510"
"1","2229338"
"1","2222650"
"1","2222662"
"1","2222691"
"1","2222713"
"1","2232186"
"1","2229470"
"1","2175066"
"1","2172735"
"1","2172767"
"1","2181561"
"1","2173136"
"1","5307297"
"1","7854467"
"1","7963661"
"1","8116700"
"1","8149794"
"1","8155899"
"1","2227175"
"1","2227182"
"1","2227194"
"1","2227114"
"1","2226368"
"1","2220669"
"1","2220265"
"1","2220334"
"1","2226803"
"1","2220801"
"1","2226612"
"1","2218433"
"1","2221577"
"1","8343328"
"1","8550279"
"1","8971971"
"1","8997534"
"1","9371005"
"1","9619198"
"1","9684103"
"1","10010535"
"1","9802387"
"1","10010624"
"1","2178827"
"1","2222324"
"1","2229907"
"1","2223362"
"1","8069406"
"1","8684356"
"1","8656134"
"1","2226741"
"1","2226698"
"1","2221456"
"1","2221597"
"1","2227011"
"1","2221787"
"1","2172490"
"1","2228233"
"1","2227818"
"1","2227865"
"1","2227873"
"1","2227908"
"1","2226037"
"1","2231356"
"1","2231587"
"1","2228222"
"1","2231066"
"1","2225960"
"1","2225982"
"1","2227729"
"1","2231441"
"1","2231829"
"1","2221561"
"1","2171142"
"1","2221735"
"1","2172463"
"1","2221967"
"1","2221932"
"1","2218269"
"1","2170850"
"1","2218314"
"1","2218336"
"1","2221983"
"1","2221280"
"1","2221424"
"1","2221377"
"1","2220348"
"1","2226586"
"1","2227006"
"1","2222130"
"1","2220405"
"1","2221826"
"1","2227026"
"1","2171226"
"1","2226789"
"1","2221694"
"1","2221419"
"1","2180225"
"1","2224112"
"1","2228574"
"1","2224127"
"1","2226184"
"1","7212576"
"1","8230192"
"1","2230305"
"1","2230095"
"1","2232060"
"1","2222581"
"1","2232282"
"1","2229057"
"1","2229080"
"1","2179032"
"1","2179044"
"1","2171630"
"1","2167643"
"1","2167720"
"1","2176332"
"1","2180058"
"1","2176264"
"1","2176620"
"1","2177086"
"1","2175949"
"1","2176946"
"1","2177906"
"1","2170887"
"1","2221535"
"1","2221541"
"1","2172442"
"1","2172509"
"1","2180278"
"1","2220426"
"1","2220417"
"1","2227248"
"1","2227084"
"1","2227259"
"1","2226232"
"1","2221381"
"1","2220697"
"1","2226925"
"1","2218176"
"1","2221884"
"1","2218068"
"1","2221212"
"1","2218079"
"1","2218109"
"1","2218135"
"1","2221888"
"1","8049823"
"1","8196751"
"1","2229111"
"1","2229131"
"1","2229157"
"1","2229192"
"1","2229208"
"1","2229240"
"1","2229260"
"1","2229274"
"1","2229550"
"1","2229776"
"1","2229739"
"1","2229619"
"1","2167659"
"1","2167730"
"1","2172233"
"1","2178530"
"1","2176957"
"1","2177923"
"1","2176310"
"1","2176301"
"1","2178555"
"1","2178192"
"1","2167249"
"1","2178321"
"1","2176654"
"1","2171016"
"1","2172497"
"1","2227240"
"1","2227306"
"1","2218399"
"1","2221464"
"1","2221769"
"1","2227136"
"1","2227185"
"1","2227154"
"1","2227121"
"1","2227115"
"1","2222506"
"1","2223292"
"1","2222265"
"1","2229408"
"1","2229016"
"1","2222820"
"1","2232177"
"1","2223092"
"1","2223129"
"1","2230080"
"1","2229354"
"1","2223186"
"1","8235873"
"1","9067953"
"1","9537770"
"1","9735207"
"1","9735221"
"1","9918282"
"1","100001190"
"1","2220662"
"1","2220329"
"1","2226809"
"1","2171219"
"1","2226995"
"1","2220509"
"1","2221576"
"1","2221555"
"1","2220602"
"1","2221269"
"1","2172464"
"1","2171185"
"1","2221922"
"1","2178490"
"1","2176529"
"1","2175777"
"1","2176013"
"1","2175927"
"1","2171808"
"1","2171786"
"1","2171474"
"1","2179099"
"1","2177233"
"1","2177957"
"1","2177986"
"1","2177620"
"1","2229938"
"1","2229580"
"1","2229387"
"1","2222275"
"1","2222510"
"1","2222470"
"1","2230018"
"1","2229892"
"1","2223066"
"1","2230044"
"1","2223276"
"1","2229967"
"1","2222293"
"1","2220396"
"1","2170831"
"1","2218296"
"1","2170843"
"1","2221349"
"1","2221989"
"1","2221627"
"1","2226886"
"1","2221401"
"1","2226918"
"1","2226530"
"1","2226949"
"1","2222296"
"1","2222311"
"1","2223509"
"1","2229297"
"1","2223537"
"1","2222654"
"1","2222618"
"1","2222672"
"1","2222698"
"1","2222716"
"1","2223219"
"1","2223326"
"1","2178016"
"1","2178485"
"1","2178286"
"1","2167683"
"1","2172198"
"1","2179873"
"1","2175900"
"1","2176685"
"1","2178272"
"1","2178931"
"1","2171572"
"1","2177124"
"1","2218173"
"1","2218207"
"1","2218059"
"1","2221199"
"1","2227221"
"1","2218081"
"1","2218107"
"1","2218128"
"1","7626854"
"1","8184687"
"1","8196765"
"1","8196777"
"1","2223328"
"1","2223369"
"1","8684363"
"1","2221653"
"1","2226732"
"1","2226695"
"1","2226476"
"1","2221614"
"1","2221606"
"1","2227002"
"1","2172564"
"1","2226678"
"1","8525005"
"1","9537748"
"1","9735208"
"1","9735195"
"1","9918287"
"1","7739505"
"1","2178106"
"1","2179534"
"1","2177469"
"1","2167573"
"1","2177160"
"1","2177542"
"1","2176144"
"1","2179471"
"1","2178880"
"1","2178625"
"1","2177454"
"1","2177572"
"1","2177085"
"1","2227280"
"1","2226844"
"1","2221799"
"1","2221621"
"1","2227020"
"1","2221838"
"1","2221746"
"1","2171198"
"1","2226799"
"1","2226746"
"1","2221687"
"1","2221495"
"1","2222149"
"1","2175825"
"1","2171559"
"1","2175990"
"1","2176408"
"1","2177633"
"1","2178562"
"1","2178166"
"1","2178600"
"1","2179152"
"1","2178055"
"1","2172182"
"1","2179483"
"1","2179284"
"1","2170871"
"1","2221523"
"1","2221734"
"1","2172514"
"1","2172689"
"1","2221450"
"1","2232349"
"1","2226572"
"1","2226496"
"1","2226595"
"1","2227299"
"1","2167470"
"1","2179779"
"1","2179338"
"1","2171468"
"1","2176122"
"1","2177787"
"1","2176041"
"1","2171984"
"1","2175407"
"1","2177522"
"1","2167417"
"1","2176244"
"1","2176896"
"1","2226418"
"1","2218294"
"1","2172455"
"1","2170926"
"1","2227375"
"1","2220541"
"1","2172524"
"1","2220358"
"1","2221773"
"1","2227140"
"1","2227159"
"1","2227111"
"1","2177667"
"1","2175359"
"1","7054170"
"1","2177408"
"1","2179420"
"1","2171542"
"1","2171651"
"1","2177146"
"1","2167583"
"1","2177426"
"1","2176335"
"1","2171871"
"1","2171897"
"1","2220317"
"1","2226806"
"1","2226616"
"1","2180230"
"1","2218456"
"1","2221554"
"1","2221573"
"1","2226481"
"1","2226648"
"1","7377670"
"1","2171191"
"1","2171904"
"1","2171926"
"1","2171934"
"1","2172030"
"1","2172177"
"1","2177717"
"1","2178427"
"1","2178410"
"1","2177747"
"1","2175998"
"1","2177309"
"1","2177342"
"1","2221929"
"1","2221749"
"1","2220380"
"1","2171137"
"1","2171157"
"1","2170849"
"1","2221338"
"1","2221353"
"1","2218339"
"1","2170946"
"1","2226885"
"1","2221378"
"1","2177362"
"1","2171426"
"1","2171340"
"1","2167832"
"1","2175610"
"1","2167448"
"1","2167862"
"1","7710001"
"1","8039417"
"1","8510399"
"1","8510414"
"1","8505112"
"1","2221403"
"1","2226914"
"1","2220622"
"1","2226932"
"1","2226946"
"1","2218185"
"1","2218206"
"1","2218053"
"1","2218033"
"1","2218073"
"1","2222154"
"1","2218108"
"1","8762575"
"1","2213564"
"1","2216833"
"1","2217361"
"1","2202065"
"1","2217498"
"1","2210880"
"1","2217179"
"1","2201814"
"1","2210788"
"1","2216646"
"1","2213355"
"1","2220723"
"1","7867932"
"1","8196747"
"1","8235866"
"1","8525010"
"1","9735209"
"1","9735200"
"1","9735191"
"1","9893957"
"1","9918283"
"1","9918269"
"1","100066528"
"1","2211013"
"1","2202115"
"1","2217194"
"1","2213864"
"1","2217059"
"1","2213899"
"1","2213929"
"1","2211259"
"1","2213522"
"1","2213516"
"1","2213483"
"1","2202434"
"1","2217967"
"1","2216758"
"1","2213959"
"1","2213745"
"1","2211268"
"1","2202224"
"1","2213399"
"1","2213724"
"1","2213428"
"1","2216664"
"1","2211357"
"1","2217681"
"1","2217690"
"1","2213674"
"1","2213828"
"1","2210919"
"1","2213878"
"1","2213992"
"1","2214131"
"1","2211035"
"1","2202143"
"1","2216791"
"1","2217038"
"1","2201854"
"1","2210850"
"1","2214201"
"1","7129824"
"1","2217812"
"1","2202134"
"1","2202135"
"1","2217296"
"1","2217300"
"1","2213576"
"1","2213766"
"1","2217011"
"1","2217080"
"1","2217816"
"1","2216986"
"1","2220218"
"1","2213834"
"1","2216863"
"1","2213594"
"1","2211169"
"1","2211202"
"1","2217784"
"1","2217730"
"1","2211070"
"1","2213605"
"1","2217724"
"1","2211099"
"1","2217567"
"1","2217592"
"1","2217739"
"1","2217388"
"1","2202153"
"1","2202165"
"1","2202188"
"1","2202249"
"1","2202261"
"1","2211221"
"1","2217430"
"1","2213532"
"1","2213545"
"1","2217628"
"1","2201910"
"1","7951162"
"1","8045502"
"1","8174190"
"1","2230511"
"1","2220988"
"1","2224872"
"1","2227977"
"1","2228275"
"1","2224823"
"1","2231198"
"1","2224746"
"1","2224897"
"1","2221067"
"1","2221072"
"1","2224677"
"1","2223953"
"1","2231038"
"1","2230933"
"1","2231013"
"1","2231006"
"1","2230994"
"1","2230984"
"1","2228247"
"1","2224913"
"1","2225918"
"1","2228621"
"1","2228315"
"1","2227622"
"1","2227644"
"1","2227667"
"1","2227700"
"1","2227553"
"1","2228816"
"1","2230470"
"1","2231878"
"1","2225117"
"1","2221043"
"1","2225642"
"1","2224544"
"1","2228451"
"1","2230906"
"1","2230831"
"1","2230851"
"1","2230873"
"1","2225876"
"1","2225821"
"1","2225857"
"1","2228273"
"1","2231850"
"1","2225804"
"1","2232001"
"1","2230787"
"1","2227535"
"1","2230437"
"1","2224622"
"1","2225363"
"1","2223839"
"1","2228136"
"1","2223932"
"1","2224450"
"1","2228008"
"1","2224215"
"1","2226036"
"1","2224712"
"1","2224701"
"1","2224329"
"1","2228114"
"1","2224307"
"1","2231929"
"1","2228585"
"1","2225199"
"1","2227493"
"1","2230719"
"1","2228064"
"1","2230819"
"1","2228870"
"1","2231678"
"1","2225194"
"1","2230290"
"1","2231723"
"1","2225133"
"1","2225080"
"1","2230687"
"1","2224283"
"1","2225009"
"1","2231518"
"1","2228437"
"1","2231758"
"1","2231405"
"1","2231420"
"1","2224945"
"1","8187986"
"1","2224421"
"1","2220945"
"1","2230249"
"1","2223688"
"1","2224961"
"1","2224583"
"1","2227761"
"1","2230548"
"1","2228198"
"1","2231547"
"1","2224015"
"1","2224042"
"1","2231193"
"1","2227852"
"1","2227880"
"1","2227928"
"1","2221150"
"1","2224082"
"1","2231357"
"1","2226162"
"1","2230379"
"1","2225963"
"1","2227503"
"1","2231989"
"1","7830950"
"1","8016799"
"1","8396964"
"1","8905210"
"1","9461946"
"1","9683752"
"1","2229287"
"1","2232067"
"1","2232138"
"1","8292811"
"1","2223577"
"1","2232278"
"1","2229086"
"1","2229103"
"1","2229163"
"1","2229176"
"1","2229203"
"1","2229236"
"1","2229281"
"1","2229848"
"1","2229482"
"1","2223419"
"1","2223294"
"1","2222482"
"1","2229020"
"1","2222887"
"1","2223165"
"1","2223441"
"1","2222386"
"1","2223119"
"1","2229988"
"1","2230013"
"1","2229859"
"1","2223487"
"1","2230183"
"1","2222270"
"1","2223174"
"1","2222566"
"1","2222445"
"1","2229838"
"1","2229929"
"1","2230040"
"1","2230058"
"1","2222309"
"1","2229458"
"1","2222653"
"1","2222624"
"1","2222668"
"1","2222681"
"1","2222699"
"1","2223549"
"1","2223217"
"1","2229473"
"1","2229039"
"1","2222773"
"1","2229729"
"1","2223343"
"1","7849067"
"1","8286767"
"1","8684359"
"1","9054991"
"1","9546687"
"1","9844602"
"1","2226761"
"1","2226735"
"1","2226484"
"1","2227000"
"1","2221785"
"1","2172492"
"1","2226662"
"1","2226549"
"1","2227064"
"1","2227004"
"1","2221816"
"1","2220667"
"1","2220411"
"1","2221836"
"1","2227018"
"1","2226795"
"1","2218444"
"1","2221695"
"1","2221192"
"1","2221264"
"1","2170885"
"1","2221527"
"1","2170998"
"1","2172507"
"1","7694723"
"1","2220425"
"1","2220415"
"1","2226264"
"1","2227354"
"1","2226505"
"1","2227294"
"1","2227231"
"1","2220430"
"1","2226387"
"1","2218287"
"1","2218376"
"1","2172416"
"1","2172414"
"1","2171131"
"1","2222083"
"1","2220685"
"1","2221757"
"1","2227172"
"1","2227143"
"1","2227157"
"1","2227116"
"1","2221912"
"1","2220294"
"1","2220318"
"1","2226780"
"1","2171113"
"1","2221571"
"1","2227347"
"1","2221728"
"1","2221667"
"1","2226707"
"1","2172388"
"1","2221925"
"1","2220381"
"1","2171148"
"1","2171211"
"1","2221369"
"1","2218315"
"1","2218329"
"1","2221995"
"1","2221282"
"1","2221630"
"1","2221383"
"1","2221402"
"1","2226935"
"1","2171013"
"1","2171235"
"1","2218204"
"1","2218043"
"1","2218058"
"1","2218074"
"1","2226447"
"1","2220731"
"1","2218114"
"1","2218133"
"1","7905168"
"1","8196753"
"1","8196759"
"1","8196775"
"1","8235869"
"1","8861797"
"1","9735204"
"1","9949804"
